{
  "inputDatasetSmartName": "accidents_2013_prepared",
  "script": {
    "steps": [
      {
        "type": "NearestNeighbourGeoJoiner",
        "params": {
          "leftLatCol": "latitude",
          "leftLonCol": "longitude",
          "rightInput": "rental_agencies_geo2",
          "rightLatCol": "lat",
          "rightLonCol": "lon",
          "copyColumns": [
            "agency_name",
            "lon",
            "lat"
          ],
          "prefix": "station_",
          "useMiles": false
        },
        "metaType": "PROCESSOR",
        "preview": false,
        "disabled": false,
        "alwaysShowComment": false
      },
      {
        "type": "NearestNeighbourGeoJoiner",
        "params": {
          "leftLatCol": "latitude",
          "leftLonCol": "longitude",
          "rightInput": "garage_locations_prepared",
          "rightLatCol": "latitude",
          "rightLonCol": "longitude",
          "copyColumns": [
            "name",
            "geopoint"
          ],
          "prefix": "garage_",
          "useMiles": false
        },
        "metaType": "PROCESSOR",
        "preview": true,
        "disabled": false,
        "alwaysShowComment": false
      }
    ],
    "maxProcessedMemTableBytes": -1,
    "columnsSelection": {
      "mode": "SELECT",
      "list": [
        {
          "name": "id_num",
          "d": true
        },
        {
          "name": "year",
          "d": true
        },
        {
          "name": "month",
          "d": true
        },
        {
          "name": "day",
          "d": true
        },
        {
          "name": "hrmn",
          "d": true
        },
        {
          "name": "datetime",
          "d": true
        },
        {
          "name": "datetime_parsed",
          "d": true
        },
        {
          "name": "week_of_year",
          "d": true
        },
        {
          "name": "agglomeration",
          "d": true
        },
        {
          "name": "collision",
          "d": true
        },
        {
          "name": "adress",
          "d": true
        },
        {
          "name": "latitude",
          "d": true
        },
        {
          "name": "longitude",
          "d": true
        },
        {
          "name": "geopoint",
          "d": true
        },
        {
          "name": "city",
          "d": true
        },
        {
          "name": "departement",
          "d": true
        },
        {
          "name": "region",
          "d": true
        },
        {
          "name": "country_iso",
          "d": true
        },
        {
          "name": "country",
          "d": true
        },
        {
          "name": "station_agency_name",
          "d": true
        },
        {
          "name": "station_lon",
          "d": true
        },
        {
          "name": "station_lat",
          "d": true
        },
        {
          "name": "station_join_distance",
          "d": true
        },
        {
          "name": "garage_name",
          "d": true
        },
        {
          "name": "garage_geopoint",
          "d": true
        },
        {
          "name": "garage_join_distance",
          "d": true
        }
      ]
    },
    "coloring": {
      "scheme": "MEANING_AND_STATUS",
      "individualColumns": [],
      "valueColoringMode": "HASH"
    },
    "sorting": [],
    "analysisColumnData": {},
    "explorationSampling": {
      "selection": {
        "maxStoredBytes": 104857600,
        "filter": {
          "distinct": false,
          "enabled": false
        },
        "partitionSelectionMethod": "ALL",
        "latestPartitionsN": 1,
        "ordering": {
          "enabled": false,
          "rules": []
        },
        "samplingMethod": "HEAD_SEQUENTIAL",
        "maxRecords": 10000,
        "targetRatio": 0.02,
        "withinFirstN": -1,
        "maxReadUncompressedBytes": -1
      },
      "autoRefreshSample": false,
      "_refreshTrigger": 0
    },
    "vizSampling": {
      "autoRefreshSample": false,
      "_refreshTrigger": 0
    },
    "exploreUIParams": {
      "autoRefresh": true
    },
    "globalSearchQuery": "",
    "explorationFilters": [],
    "previewMode": "ALL_ROWS"
  },
  "charts": [],
  "name": "Analyze accidents_2013_prepared",
  "versionTag": {
    "versionNumber": 1,
    "lastModifiedBy": {
      "login": "smoulouel"
    },
    "lastModifiedOn": 1563888289636
  },
  "creationTag": {
    "versionNumber": 0,
    "lastModifiedBy": {
      "login": "smoulouel"
    },
    "lastModifiedOn": 1563887971989
  },
  "tags": [],
  "customFields": {},
  "checklists": {
    "checklists": []
  }
}