{
    "per_feature": {
        "Casual_5_avg": {
            "stats": {
                "std": 214477.7874678129, 
                "p99": 214865.26242857176, 
                "min": 362.6666666666667, 
                "max": 2675733.0, 
                "average": 32612.758924502425, 
                "median": 2061.357142857143
            }, 
            "missing_impute_with_value": 32612.758924502425
        }, 
        "B00001_001E": {
            "stats": {
                "std": 87.67941994748995, 
                "p99": 440.74, 
                "min": 0.0, 
                "max": 485.0, 
                "average": 116.29268292682927, 
                "median": 88.0
            }, 
            "missing_impute_with_value": 116.29268292682927
        }, 
        "Casual_2_avg": {
            "stats": {
                "std": 28285.578378415026, 
                "p99": 113473.81771977994, 
                "min": 316.0, 
                "max": 210378.375, 
                "average": 14842.667059888356, 
                "median": 2327.8941000405844
            }, 
            "missing_impute_with_value": 14842.667059888356
        }, 
        "Member_7_avg": {
            "stats": {
                "std": 632.8989216507059, 
                "p99": 3636.6495567517827, 
                "min": 8.683087027914613, 
                "max": 5003.996157540826, 
                "average": 353.5437601277612, 
                "median": 167.90973471150875
            }, 
            "missing_impute_with_value": 353.5437601277612
        }, 
        "stusab": {
            "stats": {}
        }, 
        "county": {
            "stats": {}
        }, 
        "block_group": {
            "stats": {}
        }, 
        "Member_4_avg": {
            "stats": {
                "std": 21604.075081552965, 
                "p99": 43091.451727272746, 
                "min": 372.06666666666666, 
                "max": 259901.1, 
                "average": 8769.982214170193, 
                "median": 4418.881358001447
            }, 
            "missing_impute_with_value": 8769.982214170193
        }, 
        "Casual_7_avg": {
            "stats": {
                "std": 452.8559271470801, 
                "p99": 2240.0890881271644, 
                "min": 0.0, 
                "max": 3431.3315789473686, 
                "average": 199.04880839804923, 
                "median": 31.150166884241127
            }, 
            "missing_impute_with_value": 199.04880839804923
        }, 
        "Casual_3_avg": {
            "stats": {
                "std": 310.1581096912059, 
                "p99": 1374.937979092089, 
                "min": 0.0, 
                "max": 1640.869076305221, 
                "average": 160.80491695894858, 
                "median": 20.965808933275376
            }, 
            "missing_impute_with_value": 160.80491695894858
        }, 
        "Casual_6_avg": {
            "stats": {
                "std": 130500.83149734676, 
                "p99": 138538.08363160654, 
                "min": 289.0, 
                "max": 1624975.6666666667, 
                "average": 23464.429895482703, 
                "median": 2626.210909090909
            }, 
            "missing_impute_with_value": 23464.429895482703
        }, 
        "Member_6_avg": {
            "stats": {
                "std": 11253.593006671777, 
                "p99": 63669.53360975611, 
                "min": 163.375, 
                "max": 87796.20689655172, 
                "average": 7099.288465407812, 
                "median": 4584.744905026055
            }, 
            "missing_impute_with_value": 7099.288465407812
        }, 
        "state": {
            "stats": {}
        }, 
        "Start station": {
            "stats": {}
        }, 
        "Casual_4_avg": {
            "stats": {
                "std": 107037.55846452166, 
                "p99": 303939.04283333593, 
                "min": 617.0, 
                "max": 1210589.5, 
                "average": 33083.88042732689, 
                "median": 3033.511320754717
            }, 
            "missing_impute_with_value": 33083.88042732689
        }, 
        "Member_2_avg": {
            "stats": {
                "std": 7150.606637666253, 
                "p99": 32038.19984790112, 
                "min": 383.5593220338983, 
                "max": 60344.47286821705, 
                "average": 5040.647181635777, 
                "median": 2324.7980263157897
            }, 
            "missing_impute_with_value": 5040.647181635777
        }, 
        "station_id": {
            "stats": {}
        }, 
        "geoid_0": {
            "stats": {}
        }, 
        "Member_5_avg": {
            "stats": {
                "std": 6381.616463036494, 
                "p99": 28066.834819767406, 
                "min": 370.5, 
                "max": 33641.1847133758, 
                "average": 4941.471749672269, 
                "median": 1079.4014084507041
            }, 
            "missing_impute_with_value": 4941.471749672269
        }, 
        "Casual_1_avg": {
            "stats": {
                "std": 54150.95646346595, 
                "p99": 232602.9061666649, 
                "min": 292.0, 
                "max": 458082.8181818182, 
                "average": 27790.922592911247, 
                "median": 2757.0333333333333
            }, 
            "missing_impute_with_value": 27790.922592911247
        }, 
        "tract": {
            "stats": {}
        }, 
        "count": {
            "stats": {
                "std": 9944.58268710855, 
                "p99": 40609.39000000002, 
                "min": 16.0, 
                "max": 54713.0, 
                "average": 11125.036585365853, 
                "median": 8848.5
            }, 
            "missing_impute_with_value": 11125.036585365853
        }, 
        "name": {
            "stats": {}
        }, 
        "Member_1_avg": {
            "stats": {
                "std": 16368.499782267027, 
                "p99": 33502.538282133115, 
                "min": 412.0, 
                "max": 193058.25925925927, 
                "average": 7949.46590375891, 
                "median": 4473.9386686611815
            }, 
            "missing_impute_with_value": 7949.46590375891
        }, 
        "geopoint": {
            "stats": {}
        }, 
        "Member_3_avg": {
            "stats": {
                "std": 344.87106693382435, 
                "p99": 1639.7879963718651, 
                "min": 14.421487603305785, 
                "max": 1898.3803045431853, 
                "average": 268.376764317431, 
                "median": 141.5300218723321
            }, 
            "missing_impute_with_value": 268.376764317431
        }, 
        "blkgrp": {
            "stats": {}
        }, 
        "geoid": {
            "stats": {}
        }
    }, 
    "feature_order": [
        "Casual_5_avg", 
        "B00001_001E", 
        "Casual_2_avg", 
        "Member_7_avg", 
        "stusab", 
        "county", 
        "block_group", 
        "Member_4_avg", 
        "Casual_7_avg", 
        "Casual_3_avg", 
        "Casual_6_avg", 
        "Member_6_avg", 
        "state", 
        "Start station", 
        "Casual_4_avg", 
        "Member_2_avg", 
        "station_id", 
        "geoid_0", 
        "Member_5_avg", 
        "Casual_1_avg", 
        "tract", 
        "count", 
        "name", 
        "Member_1_avg", 
        "geopoint", 
        "Member_3_avg", 
        "blkgrp", 
        "geoid"
    ]
}