{
  "cparams": {
    "extractBeforePrepare": true,
    "selection": {
      "useMemTable": false,
      "filter": {
        "distinct": false,
        "enabled": false
      },
      "partitionSelectionMethod": "ALL",
      "latestPartitionsN": 1,
      "ordering": {
        "enabled": false,
        "rules": []
      },
      "samplingMethod": "HEAD_SEQUENTIAL",
      "maxRecords": 100000,
      "targetRatio": 0.02,
      "withinFirstN": -1,
      "maxReadUncompressedBytes": -1
    },
    "instanceIdRefresher": 1
  },
  "generationDate": 1565177528513,
  "policyId": "extractBeforePrepare\u003dtrue,,ds\u003dbike_stations_prepared_joined_joined,sel\u003d(method\u003dhead-s,records\u003d100000)",
  "instanceId": "1ffdfc02c8a5adbd7a5c7812dd1a4bad-1",
  "format": "csv1",
  "schema": {
    "columns": [
      {"name":"name","type":"string"},
      {"name":"geopoint","type":"string"},
      {"name":"station_id","type":"bigint"},
      {"name":"stusab","type":"string"},
      {"name":"state","type":"double"},
      {"name":"county","type":"double"},
      {"name":"tract","type":"double"},
      {"name":"blkgrp","type":"double"},
      {"name":"geoid","type":"string"},
      {"name":"geoid_0","type":"bigint"},
      {"name":"block_group","type":"bigint"},
      {"name":"B00001_001E","type":"double"},
      {"name":"Start station","type":"string"},
      {"name":"Member_2_avg","type":"double"},
      {"name":"Member_7_avg","type":"double"},
      {"name":"Member_6_avg","type":"double"},
      {"name":"Member_1_avg","type":"double"},
      {"name":"Member_4_avg","type":"double"},
      {"name":"Member_3_avg","type":"double"},
      {"name":"Casual_7_avg","type":"double"},
      {"name":"Casual_3_avg","type":"double"},
      {"name":"Member_5_avg","type":"double"},
      {"name":"Casual_4_avg","type":"double"},
      {"name":"Casual_2_avg","type":"double"},
      {"name":"Casual_1_avg","type":"double"},
      {"name":"Casual_6_avg","type":"double"},
      {"name":"Casual_5_avg","type":"double"},
      {"name":"count","type":"bigint"}
    ],
    "userModified": false
  },
  "fullPath": "full-1ffdfc02c8a5adbd7a5c7812dd1a4bad-1.csv.gz",
  "trainRows": 0,
  "testRows": 0,
  "fullRows": 164
}