[
  {
    "execSQLLike": false,
    "localDatasets": [
      {
        "datasets": [
          "accidents_2013"
        ],
        "privileges": []
      },
      {
        "datasets": [
          "accidents_2013_prepared"
        ],
        "privileges": []
      },
      {
        "datasets": [
          "accidents_2013_prepared_prepared"
        ],
        "privileges": []
      },
      {
        "datasets": [
          "accidents_2013_prepared_prepared_prepared"
        ],
        "privileges": [
          "READ_DATA"
        ]
      },
      {
        "datasets": [
          "garage_locations"
        ],
        "privileges": []
      },
      {
        "datasets": [
          "garage_locations_prepared"
        ],
        "privileges": [
          "READ_DATA"
        ]
      },
      {
        "datasets": [
          "rental_agencies_geo2"
        ],
        "privileges": [
          "READ_DATA"
        ]
      }
    ],
    "projectPrivileges": {
      "admin": false,
      "readProjectContent": false,
      "writeProjectContent": false,
      "exportDatasetsData": false,
      "readDashboards": false,
      "writeDashboards": false,
      "moderateDashboards": false,
      "runScenarios": false,
      "manageDashboardAuthorizations": false,
      "manageExposedElements": false,
      "manageAdditionalDashboardUsers": false
    },
    "id": "Eru7YblNs7nq9qwo",
    "key": "dummyKey_SEw80jMOwjCDnok1frBSFCszaIQofoEh",
    "label": "Key for Web app test(LlMwPSF)",
    "createdOn": 1564651448297
  }
]