{
  "inputDatasetSmartName": "garage_locations",
  "script": {
    "steps": [
      {
        "type": "FilterOnValue",
        "params": {
          "values": [
            "line"
          ],
          "matchingMode": "FULL_STRING",
          "normalizationMode": "EXACT",
          "action": "REMOVE_ROW",
          "booleanMode": "AND",
          "appliesTo": "SINGLE_COLUMN",
          "columns": [
            "line"
          ]
        },
        "metaType": "PROCESSOR",
        "preview": false,
        "disabled": false,
        "alwaysShowComment": false
      },
      {
        "type": "ColumnSplitter",
        "params": {
          "inCol": "line",
          "separator": "h1 class\u003d\"\"\"\"left\"\"\"\"\u003e\u0027 + \u0027",
          "outColPrefix": "line_",
          "keepEmptyChunks": false,
          "target": "COLUMNS",
          "limitOutput": true,
          "limit": 1,
          "startFrom": "end"
        },
        "metaType": "PROCESSOR",
        "preview": false,
        "disabled": false,
        "alwaysShowComment": false,
        "designTimeReport": {
          "report": {
            "createdColumnCount": 1
          }
        }
      },
      {
        "type": "ColumnSplitter",
        "params": {
          "inCol": "line_0",
          "separator": "\u0027 + \u0027",
          "outColPrefix": "line_0_",
          "keepEmptyChunks": false,
          "target": "COLUMNS",
          "limitOutput": true,
          "limit": 1,
          "startFrom": "beginning"
        },
        "metaType": "PROCESSOR",
        "preview": false,
        "disabled": false,
        "alwaysShowComment": false,
        "designTimeReport": {
          "report": {
            "createdColumnCount": 1
          }
        }
      },
      {
        "type": "ColumnRenamer",
        "params": {
          "renamings": [
            {
              "from": "line_0_0",
              "to": "name"
            }
          ]
        },
        "metaType": "PROCESSOR",
        "preview": false,
        "disabled": false,
        "alwaysShowComment": false
      },
      {
        "type": "ColumnsSelector",
        "params": {
          "keep": false,
          "appliesTo": "SINGLE_COLUMN",
          "columns": [
            "line_0"
          ]
        },
        "metaType": "PROCESSOR",
        "preview": false,
        "disabled": false,
        "alwaysShowComment": false
      },
      {
        "type": "ColumnSplitter",
        "params": {
          "inCol": "line",
          "separator": "LatLng(",
          "outColPrefix": "line_",
          "keepEmptyChunks": false,
          "target": "COLUMNS",
          "limitOutput": false,
          "limit": 1,
          "startFrom": "beginning"
        },
        "metaType": "PROCESSOR",
        "preview": false,
        "disabled": false,
        "alwaysShowComment": false,
        "designTimeReport": {
          "report": {
            "createdColumnCount": 2
          }
        }
      },
      {
        "type": "ColumnSplitter",
        "params": {
          "inCol": "line_1",
          "separator": "),icon",
          "outColPrefix": "line_1_",
          "keepEmptyChunks": false,
          "target": "COLUMNS",
          "limitOutput": true,
          "limit": 1,
          "startFrom": "beginning"
        },
        "metaType": "PROCESSOR",
        "preview": false,
        "disabled": false,
        "alwaysShowComment": false,
        "designTimeReport": {
          "report": {
            "createdColumnCount": 1
          }
        }
      },
      {
        "type": "ColumnsSelector",
        "params": {
          "keep": false,
          "appliesTo": "COLUMNS",
          "columns": [
            "line_0",
            "line_1"
          ]
        },
        "metaType": "PROCESSOR",
        "preview": false,
        "disabled": false,
        "alwaysShowComment": false
      },
      {
        "type": "ColumnSplitter",
        "params": {
          "inCol": "line_1_0",
          "separator": ",",
          "outColPrefix": "line_1_0_",
          "keepEmptyChunks": false,
          "target": "COLUMNS",
          "limitOutput": false,
          "limit": 0
        },
        "metaType": "PROCESSOR",
        "preview": false,
        "disabled": false,
        "alwaysShowComment": false,
        "designTimeReport": {
          "report": {
            "createdColumnCount": 2
          }
        }
      },
      {
        "type": "ColumnsSelector",
        "params": {
          "keep": false,
          "appliesTo": "SINGLE_COLUMN",
          "columns": [
            "line_1_0"
          ]
        },
        "metaType": "PROCESSOR",
        "preview": false,
        "disabled": false,
        "alwaysShowComment": false
      },
      {
        "type": "ColumnsSelector",
        "params": {
          "keep": false,
          "appliesTo": "SINGLE_COLUMN",
          "columns": [
            "line"
          ]
        },
        "metaType": "PROCESSOR",
        "preview": false,
        "disabled": false,
        "alwaysShowComment": false
      },
      {
        "type": "ColumnRenamer",
        "params": {
          "renamings": [
            {
              "from": "line_1_0_0",
              "to": "latitude"
            },
            {
              "from": "line_1_0_1",
              "to": "longitude"
            }
          ]
        },
        "metaType": "PROCESSOR",
        "preview": false,
        "disabled": false,
        "alwaysShowComment": false
      },
      {
        "type": "GeoPointCreator",
        "params": {
          "out_column": "geopoint",
          "lat_column": "latitude",
          "lon_column": "longitude"
        },
        "metaType": "PROCESSOR",
        "preview": false,
        "disabled": false,
        "alwaysShowComment": false
      },
      {
        "type": "CityLevelReverseGeocoder",
        "params": {
          "inputCol": "geopoint",
          "l8OutCol": "city",
          "l7OutCol": "",
          "l6OutCol": "departement",
          "l4OutCol": "region",
          "l2OutCol": "country"
        },
        "metaType": "PROCESSOR",
        "preview": false,
        "disabled": false,
        "alwaysShowComment": false
      },
      {
        "type": "ColumnsSelector",
        "params": {
          "keep": false,
          "appliesTo": "COLUMNS",
          "columns": [
            "country_enName",
            "city_enName",
            "departement_enName",
            "region_enName"
          ]
        },
        "metaType": "PROCESSOR",
        "preview": false,
        "disabled": false,
        "alwaysShowComment": false
      }
    ],
    "maxProcessedMemTableBytes": -1,
    "columnsSelection": {
      "mode": "ALL"
    },
    "coloring": {
      "scheme": "MEANING_AND_STATUS",
      "individualColumns": [],
      "valueColoringMode": "HASH"
    },
    "sorting": [],
    "analysisColumnData": {},
    "explorationSampling": {
      "selection": {
        "maxStoredBytes": 104857600,
        "filter": {
          "distinct": false,
          "enabled": false
        },
        "partitionSelectionMethod": "ALL",
        "latestPartitionsN": 1,
        "ordering": {
          "enabled": false,
          "rules": []
        },
        "samplingMethod": "HEAD_SEQUENTIAL",
        "maxRecords": 10000,
        "targetRatio": 0.02,
        "withinFirstN": -1,
        "maxReadUncompressedBytes": -1
      },
      "autoRefreshSample": false,
      "_refreshTrigger": 0
    },
    "vizSampling": {
      "autoRefreshSample": false,
      "_refreshTrigger": 0
    },
    "exploreUIParams": {
      "autoRefresh": true
    },
    "globalSearchQuery": "",
    "explorationFilters": [
      {
        "column": "line",
        "type": "columnFilter",
        "currentMode": "FACET",
        "active": true,
        "facet": {
          "type": "facet",
          "column": "line",
          "columnType": "ALPHANUM",
          "currentMode": "ALPHANUM",
          "sort": "count",
          "selectedValues": {}
        },
        "alphanumFilter": {
          "type": "alphanum",
          "column": "line",
          "values": [],
          "params": {
            "mode": "full_string",
            "normalization": "exact"
          }
        },
        "validityFilter": {
          "type": "validity",
          "column": "line",
          "params": {
            "type": "FreeText",
            "ok": true,
            "nok": true,
            "empty": true
          }
        },
        "$$hashKey": "object:66127"
      }
    ],
    "previewMode": "IMPACTED_ONLY"
  },
  "charts": [],
  "name": "Analyze garage_locations",
  "versionTag": {
    "versionNumber": 1,
    "lastModifiedBy": {
      "login": "smoulouel"
    },
    "lastModifiedOn": 1563887612468
  },
  "creationTag": {
    "versionNumber": 0,
    "lastModifiedBy": {
      "login": "smoulouel"
    },
    "lastModifiedOn": 1563886012979
  },
  "tags": [],
  "customFields": {},
  "checklists": {
    "checklists": []
  }
}