agency_name,adress,zipcode,city,adress_full,lon,lat
OCCITANE AUTOMOBILE SA,route de sete - zone industrielle,34300,agde,route de sete - zone industrielle 34300 agde,3.4902391,43.3053326
A.D.R.E.A. S.A.A,rue du midi - zac agen sud,47000,agen,rue du midi - zac agen sud 47000 agen,0.6251541,44.2035321
GARAGE TOISON D'OR,25-27 rue des grandes varennes -zac du suzon,21000,ahuy,25-27 rue des grandes varennes -zac du suzon 21000 ahuy,5.0397841,47.3550359
AJACCIO AUTOMOBILES SA,vignetta - route de campo dell'oro - bp 580,20090,ajaccio,vignetta - route de campo dell'oro - bp 580 20090 ajaccio,8.7205877,41.9393447
ALBERTVILLE,rn 190 - 29 rue raymond bertrand,73200,albertville,rn 190 - 29 rue raymond bertrand 73200 albertville,6.384256,45.6606205
AUTO-CHRISTOL S.A.S,quai du mas hours,30100,ales,quai du mas hours 30100 ales,4.095664,44.113957
GARAGE YVAN FRITSCH S.A.,29 rue du 3e zouaves,68130,altkirch,29 rue du 3e zouaves 68130 altkirch,7.2627057,47.6272343
AMPLEPUIS - SAS LEPINE,3 route de cublize - zi de la gaiete,69550,amplepuis,3 route de cublize - zi de la gaiete 69550 amplepuis,4.333081,45.972653
SAS LEROUX,765 rue des maitres - espace 23 sud,44150,ancenis,765 rue des maitres - espace 23 sud 44150 ancenis,-1.188067,47.371442
RETAIL GROUP ANGERS,46 boulevard jacques millot,49000,angers,46 boulevard jacques millot 49000 angers,-0.5335561,47.4553096
CHARENTE AUTOMOBILES DISTRIBUTION,11 route de paris,16000,angouleme,11 route de paris 16000 angouleme,0.1653009,45.6600869
ANNEMASSE,6 avenue des buchillons - face aerodrome,74100,annemasse,6 avenue des buchillons - face aerodrome 74100 annemasse,6.234158,46.193253
RETAIL GROUP - ANTIBES,1580 route de grasse,6600,antibes,1580 route de grasse 6600 antibes,7.0868314,43.5994341
SARDA,route de limoges,24750,antonne-et-trigonant,route de limoges 24750 antonne-et-trigonant,0.8142636,45.2063387
GARAGE PASTOR,6 rue des colverts,66700,argeles-sur-mer,6 rue des colverts 66700 argeles-sur-mer,3.0074204,42.5606535
ORNALLIA ARGENTAN,2 boulevard victor hugo,61200,argentan,2 boulevard victor hugo 61200 argentan,-0.0217212,48.7354758
ARLES AUTOMOBILES,avenue de la liberation,13200,arles,avenue de la liberation 13200 arles,4.6421776,43.7038774
RETAIL GROUP - AUBAGNE,rond point du pont des six fenetres,13400,aubagne,rond point du pont des six fenetres 13400 aubagne,5.5676425,43.2926781
AUCH S.A.G.E.A.,route de toulouse,32000,auch,route de toulouse 32000 auch,0.6230779,43.6544709
AUVENDIS AURAY,zac de kerfontaine - route de sainte-anne,56400,auray,zac de kerfontaine - route de sainte-anne 56400 auray,-2.967429,47.66161
A AUXERRE,2 avenue jean mermoz -bp 389,89000,auxerre,2 avenue jean mermoz -bp 389 89000 auxerre,3.5854703,47.8121815
RETAIL GROUP - AVIGNON,213 route de marseille- bp 333,84140,avignon,213 route de marseille- bp 333 84140 avignon,4.883185,43.9253309
CONCESSION  DE FONTAINEBLEAU,56 avenue de valvins - bp 56,77210,avon,56 avenue de valvins - bp 56 77210 avon,2.720733,48.404839
AUTO SERVICES BAGNOLS,252 avenue alphonse daudet,30200,bagnols-sur-ceze,252 avenue alphonse daudet 30200 bagnols-sur-ceze,4.6156213,44.1591375
RRG BARENTIN,avenue aristide briand,76360,barentin,avenue aristide briand 76360 barentin,0.9570482,49.5396057
GARAGE MODERNE S.A - AVESNES,route de maubeuge,59440,bas-lieu,route de maubeuge 59440 bas-lieu,3.9409721,50.1348393
SCAUTO BAYEUX,16 boulevard sadi carnot,14400,bayeux,16 boulevard sadi carnot 14400 bayeux,-0.7023166,49.2719586
Ã BAYONNE,59 allee marines,64100,bayonne,59 allee marines 64100 bayonne,-1.4899082,43.4995418
SARL BEAUNE LOCATION,78 route de pommard,21200,beaune,78 route de pommard 21200 beaune,4.8172923,47.0146268
RETAIL GROUP - BELFORT,zac les hauts de belfort - rue xavier bichat,90000,belfort,zac les hauts de belfort - rue xavier bichat 90000 belfort,6.8832462,47.6421078
VICHY - BONY AUTOMOBILES,18 avenue de vichy,3700,bellerive-sur-allier,18 avenue de vichy 3700 bellerive-sur-allier,3.4090345,46.1181358
BERGERAC AUTOS,47 avenue marceau feyry,24100,bergerac,47 avenue marceau feyry 24100 bergerac,0.5040154,44.8687539
MSA BERNAY,rue lucien querey - zone de la malouve,27300,bernay,rue lucien querey - zone de la malouve 27300 bernay,0.5681794,49.0617396
ETIENNE AUTOMOBILES,32 avenue carnot,25000,besancon,32 avenue carnot 25000 besancon,6.0271005,47.2460775
AUTO BERNARD FRANCHE-COMTE,5 boulevard president john fitzgerald kennedy,25000,besancon,5 boulevard president john fitzgerald kennedy 25000 besancon,5.9946853,47.2427624
BEZIERS,121 avenue du president wilson,34500,beziers,121 avenue du president wilson 34500 beziers,3.2309469,43.3342643
Ã  BIARRITZ,"5, allee politzer - rond-point du mousse - zi maysona",64200,biarritz,"5, allee politzer - rond-point du mousse - zi maysona 64200 biarritz",-1.558626,43.4831519
BLOIS WARSEMANN AUTOMOBILES,129 av de vendome,41000,blois,129 av de vendome 41000 blois,1.3099,47.609016
CONCESSION  DE BOISSY SAINT LEGER,51 avenue du general leclerc - bp 27,94470,boissy-saint-leger,51 avenue du general leclerc - bp 27 94470 boissy-saint-leger,2.5060809,48.7544029
ATLANTIC GARAGE,132 rue de l'aviation - zone aeroportuaire,44340,bouguenais,132 rue de l'aviation - zone aeroportuaire 44340 bouguenais,-1.619656,47.176385
RETAIL GROUP - BOULOGNE,577 avenue du general leclerc,92100,boulogne-billancourt,577 avenue du general leclerc 92100 boulogne-billancourt,2.236589,48.8313697
BOURG EN BRESSE - ARNO,14 boulevard edouard herriot,1000,bourg-en-bresse,14 boulevard edouard herriot 1000 bourg-en-bresse,5.2187775,46.2123842
Ã BOURGES,259 avenue du general charles de gaulle- bp 3010,18000,bourges,259 avenue du general charles de gaulle- bp 3010 18000 bourges,2.398782,47.081012
WARSEMANN AUTOMOBILES BRACIEUX,22 avenue de cheverny,41250,bracieux,22 avenue de cheverny 41250 bracieux,1.5383415,47.5446371
RETAIL GROUP BREST,20 rue de paris,29200,brest,20 rue de paris 29200 brest,-4.4649005,48.4047011
BRIGNOLES SERVICES AUTOMOBILES,rn7 route d'aix,83170,brignoles,rn7 route d'aix 83170 brignoles,6.0417291,43.4084986
GARAGE BEAUREGARD S.A.S.,avenue du teinchurier,19100,brive-la-gaillarde,avenue du teinchurier 19100 brive-la-gaillarde,1.4806074,45.1551242
LOURME S.A.,37 zac de la porte nord - rue ernest wery,62700,bruay-la-buissiere,37 zac de la porte nord - rue ernest wery 62700 bruay-la-buissiere,2.5439897,50.483719
RETAIL GROUP - BORDEAUX BRUGES,1 avenue de la jalle noire,33520,bruges,1 avenue de la jalle noire 33520 bruges,-0.6147917,44.8917978
RETAIL GROUP - BUC,2 - 4 avenue roland garros,78530,buc,2 - 4 avenue roland garros 78530 buc,2.1148923,48.7645704
LOUIS GRASSER LORRAINE SARREBOURG,"route de niderviller, zona ariane plus",57400,buhl-lorraine,"route de niderviller, zona ariane plus 57400 buhl-lorraine",7.084579,48.725246
RETAIL GROUP - NICE,104 promenade de la plage,6800,cagnes-sur-mer,104 promenade de la plage 6800 cagnes-sur-mer,7.1706923,43.6583282
GARAGE ROUCHER PERE & FILLE,64 route de saint-come,30420,calvisson,64 route de saint-come 30420 calvisson,4.1952962,43.7908541
CAMBRAI,4 avenue de valenciennes,59400,cambrai,4 avenue de valenciennes 59400 cambrai,3.242165,50.1791864
RETAIL GROUP - CANNES,219 avenue francis tonner,6150,cannes,219 avenue francis tonner 6150 cannes,6.9628397,43.5500215
SARL MACE,8 rue du canal,76380,canteleu,8 rue du canal 76380 canteleu,1.0472646,49.4545212
CARCASSONNE,route de narbonne,11000,carcassonne,route de narbonne 11000 carcassonne,2.410519,43.203682
SOVA,530 chemin d'avignon,84200,carpentras,530 chemin d'avignon 84200 carpentras,5.025106,44.0435794
S.A.N.E.G.,route de lens,62220,carvin,route de lens 62220 carvin,2.9238595,50.4753706
ETABLISSEMENT FRANCO ET FILS,avenue monseigneur de langle,11400,castelnaudary,avenue monseigneur de langle 11400 castelnaudary,1.9669031,43.3126179
DUPART AUTOMOBILES 82 SA,2 route de toulouse,82100,castelsarrasin,2 route de toulouse 82100 castelsarrasin,1.1142898,44.0355824
GRANDS GARAGES DE CASTRES,route de toulouse - z.i. de melou,81100,castres,route de toulouse - z.i. de melou 81100 castres,2.241295,43.606214
CAVAILLON,169 avenue d'avignon- bp 131,84300,cavaillon,169 avenue d'avignon- bp 131 84300 cavaillon,5.0407814,43.8366045
GARAGE COURTOIS,18 faubourg de belfort,68700,cernay,18 faubourg de belfort 68700 cernay,7.1718396,47.7941661
CHALONS EN CHAMPAGNE,7 avenue du 106eme regiment d'infanterie,51000,chalons en champagne cedex,7 avenue du 106eme regiment d'infanterie 51000 chalons en champagne cedex,4.3567153,48.9716689
RETAIL GROUP TOURS,rur charles coulomb - zac de la vrillonnerie,37170,chambray-les-tours,rur charles coulomb - zac de la vrillonnerie 37170 chambray-les-tours,0.7013087,47.3376625
SORECA CHAMPAGNOLE,34 avenue jean jaures,39300,champagnole,34 avenue jean jaures 39300 champagnole,5.9205879,46.7345732
RETAIL GROUP - CHARENTON,"30, quai des carrieres",94220,charenton-le-pont,"30, quai des carrieres 94220 charenton-le-pont",2.4095745,48.8189486
CONCESSION  Ã CHARTRES,avenue marcel proust - zup de la madeleine - b.p. 820,28000,chartres,avenue marcel proust - zup de la madeleine - b.p. 820 28000 chartres,1.489012,48.443854
SAS S.A.D.A.C.,route de saint nazaire - rue ernest hemingway,44110,chateaubriant,route de saint nazaire - rue ernest hemingway 44110 chateaubriant,-1.402773,47.70075
HAUT ANJOU AUTOMOBILES,zi de bellitourne - 11 avenue rene cassin,53200,chateau-gontier,zi de bellitourne - 11 avenue rene cassin 53200 chateau-gontier,-0.6884057,47.8372303
CHATEAULIN - ASCORIA,22-28 avenue de quimper,29150,chateaulin,22-28 avenue de quimper 29150 chateaulin,-4.09717,48.1937571
LES RELAIS DE L'AUTOMOBILE,523 boulevard ernest genevet,13160,chateaurenard,523 boulevard ernest genevet 13160 chateaurenard,4.8514412,43.887822
CONCESSION  DE CHATEAU THIERRY,51 et 58 avenue d'essomes,2400,chateau-thierry,51 et 58 avenue d'essomes 2400 chateau-thierry,3.3863383,49.0395887
A CHATILLON SUR SEINE,14 bis avenue edouard herriot,21400,chatillon-sur-seine,14 bis avenue edouard herriot 21400 chatillon-sur-seine,4.5706315,47.8531241
STE NOUVELLE RELAIS PARIS BALE,7 a 11 route de langres - km 3,52000,chaumont,7 a 11 route de langres - km 3 52000 chaumont,5.1392559,48.113748
GARAGES DE CHELLES,191 avenue gendarme castermant,77500,chelles,191 avenue gendarme castermant 77500 chelles,2.622256,48.8792337
SOCIETE DES GARAGES DE CHELLES,9 avenue francois mitterrand,77500,chelles,9 avenue francois mitterrand 77500 chelles,2.5909372,48.8745313
CONCESSION  DE CHENNEVIERES,96 route de la liberation,94430,chennevieres-sur-marne,96 route de la liberation 94430 chennevieres-sur-marne,2.5449107,48.7984878
RETAIL GROUP LOCHES CHINON,2 rue gustave eiffel,37500,chinon,2 rue gustave eiffel 37500 chinon,0.2740791,47.1819031
CLERMONT FD - BONY AUTOMOBILES,4 rue louis bleriot,63100,clermont-ferrand,4 rue louis bleriot 63100 clermont-ferrand,3.1320365,45.7809369
CLERMONT L'HÃRAULT,carrefour de l'europe,34800,clermont-l'herault,carrefour de l'europe 34800 clermont-l'herault,,
GARAGE DU STADE,122 rue du ladhof,68000,colmar,122 rue du ladhof 68000 colmar,7.3721504,48.0913779
ROBIN SAS,route d'euville,55200,commercy,route d'euville 55200 commercy,5.6159169,48.7694813
CONCARNEAU - ASCORIA,route de quimper,29900,concarneau,route de quimper 29900 concarneau,-3.9196782,47.8865027
CONDOM - SAGEA,false avenue des mousquetaires,32100,condom,false avenue des mousquetaires 32100 condom,0.3630838,43.95047
CONCESSION  DE CONFLANS,18 boulevard salvador allende,78700,conflans-sainte-honorine,18 boulevard salvador allende 78700 conflans-sainte-honorine,2.08384,49.00335
CONCESSION  DE CORBEIL ESSONNES,46 avenue du 8 mai 1945 - bp.201,91100,corbeil-essonnes,46 avenue du 8 mai 1945 - bp.201 91100 corbeil-essonnes,2.474805,48.6102599
ETS SIMONNEAU COSNE,avenue du 85e de ligne,58200,cosne-cours-sur-loire,avenue du 85e de ligne 58200 cosne-cours-sur-loire,2.9252801,47.3824086
CONCESSION  DE COULOMMIERS,17 avenue leon blum,77120,coulommiers,17 avenue leon blum 77120 coulommiers,3.0792155,48.8099554
RETAIL GROUP - COURBEVOIE,8 boulevard georges clemenceau - bp 312,92400,courbevoie,8 boulevard georges clemenceau - bp 312 92400 courbevoie,2.25929,48.900552
ANNONAY - ARNO,route de lyon,7430,davezieux,route de lyon 7430 davezieux,4.6964086,45.2568373
AUTOMOBILES LANDAISES S.A.,avenue du sablar,40100,dax,avenue du sablar 40100 dax,-1.056912,43.714883
MSA DEAUVILLE,route de paris,14800,deauville,route de paris 14800 deauville,0.0909598,49.3525953
ESPACE AUTOMOBILE DIGNOIS,"35 zone saint christophe, route de marseille",4000,digne-les-bains,"35 zone saint christophe, route de marseille 4000 digne-les-bains",6.177474,44.0699929
DIJON AUTOMOBILE,boulevard des diables bleus,21000,dijon,boulevard des diables bleus 21000 dijon,5.0250534,47.3020584
SORECA DOLE,3 rue monge - zi du tumulus,39100,dole,3 rue monge - zi du tumulus 39100 dole,5.49081,47.09534
AGENCE DU TOULOIS,4 chemin des veaux,54200,dommartin-les-toul,4 chemin des veaux 54200 dommartin-les-toul,5.907414,48.670174
RETAIL GROUP DOUAI,rue de cambrai,59500,douai,rue de cambrai 59500 douai,3.0804181,50.3585817
A DRAGUIGNAN,1779 avenue du general charles de gaulle,83720,draguignan,1779 avenue du general charles de gaulle 83720 draguignan,6.4758793,43.515656
DUNKERQUE,561 avenue de la villette,59640,dunkerque,561 avenue de la villette 59640 dunkerque,2.3612111,51.0217078
RELAIS DES COURSES,48 avenue kellermann - bp 118,95230,eaubonne,48 avenue kellermann - bp 118 95230 eaubonne,2.2779189,48.992128
RNO BY MY CAR EPINAL,50 avenue de saint-die,88000,epinal,50 avenue de saint-die 88000 epinal,6.4755768,48.1870883
AUTORAMA SUD-OUEST,"zac des landes - estancarbon, av. du pic du gar",31800,estancarbon,"zac des landes - estancarbon, av. du pic du gar 31800 estancarbon",0.763964,43.114518
GARAGE DU REMPART,"rn 20, route de morigny",91150,etampes,"rn 20, route de morigny 91150 etampes",2.1695581,48.4352147
MSA EVREUX,2 rue jacquard,27000,evreux,2 rue jacquard 27000 evreux,1.146994,49.0026621
RETAIL GROUP - LILLE METROPOLE,1 route de vendeville,59155,faches-thumesnil,1 route de vendeville 59155 faches-thumesnil,3.084365,50.5829285
MSA FECAMP,209 rue gustave couturier,76400,fecamp,209 rue gustave couturier 76400 fecamp,0.402099,49.751571
RRG MAUBEUGE,124 route de valenciennes,59750,feignies,124 route de valenciennes 59750 feignies,3.9076243,50.2806051
GARAGE DU VIMEU,rue henri barbusse,80210,feuquieres-en-vimeu,rue henri barbusse 80210 feuquieres-en-vimeu,1.6064535,50.0651358
RETAIL GROUP - ORLEANS,539 rue du faubourg bannier,45400,fleury-les-aubrais,539 rue du faubourg bannier 45400 fleury-les-aubrais,1.8944673,47.9358778
AUTORAMA S.A.,route nationale 20,9000,foix,route nationale 20 9000 foix,1.6156259,42.9937727
CONCESSION  DE FONTENAY SOUS BOIS,258 avenue de la republique,94120,fontenay-sous-bois,258 avenue de la republique 94120 fontenay-sous-bois,2.4688441,48.8528911
J.L. GUILMAULT SA,3 rue des combattants d'afrique - rocade de groslay,35300,fougeres,3 rue des combattants d'afrique - rocade de groslay 35300 fougeres,-1.204626,48.3515609
A FREJUS,"centre commercial des arenes, rn7",83600,frejus,"centre commercial des arenes, rn7 83600 frejus",6.737034,43.433152
RETAIL GROUP - FRESNES,4 avenue de stalingrad,94260,fresnes,4 avenue de stalingrad 94260 fresnes,2.3295244,48.7575175
LUXEUIL AUTOMOBILE,za de la zouzette,70300,froideconche,za de la zouzette 70300 froideconche,6.415574,47.8195229
CONCESSION  DE GAP,90 avenue d'embrun,5000,gap,90 avenue d'embrun 5000 gap,6.1009887,44.5681035
GARDANNE AUTOMOBILES,chemin de l'oratoire de bouc,13120,gardanne,chemin de l'oratoire de bouc 13120 gardanne,5.4525226,43.4486835
GARAGE DE LA NOURROY,zone artisanale de la nourroy,21220,gevrey chambertin,zone artisanale de la nourroy 21220 gevrey chambertin,4.968739,47.225962
GIERES SARL GGE GARCIA,14 avenue esclangon,38610,gieres,14 avenue esclangon 38610 gieres,5.7857882,45.1811914
GIVORS AUTOMOBILES,42 rue jean ligonnet,69700,givors,42 rue jean ligonnet 69700 givors,4.7710814,45.5935429
GOUZON AUTOMOBILES,24 la sciauve,23230,gouzon,24 la sciauve 23230 gouzon,2.2263825,46.1938002
RETAIL GROUP - GRASSE,123 route de cannes,6130,grasse,123 route de cannes 6130 grasse,6.9513442,43.6375467
SAS SOCA GRIMAUD,rn 98 - golfe de saint-tropez - la foux,83310,grimaud,rn 98 - golfe de saint-tropez - la foux 83310 grimaud,6.521865,43.274308
GARAGE DU FLORIVAL,penetrante rn 83 - bp 64,68500,guebwiller,penetrante rn 83 - bp 64 68500 guebwiller,7.209336,47.911586
A GUERET,31 avenue charles de gaulle - bp 315,23007,gueret,31 avenue charles de gaulle - bp 315 23007 gueret,,
GUISE,route de laon,2120,guise,route de laon 2120 guise,3.6260203,49.8890861
AGENCE DUCHMANN SARL,1 rue de la hardt,67110,gundershoffen,1 rue de la hardt 67110 gundershoffen,7.6477255,48.9032395
RETAIL GROUP CAEN,3 rue louis pasteur,14200,herouville-saint-clair,3 rue louis pasteur 14200 herouville-saint-clair,-0.343586,49.2095273
GARAGE BUTTIGNOL,rue des artisans - za,57330,hettange-grande,rue des artisans - za 57330 hettange-grande,6.151378,49.407626
RETAIL GROUP - HYERES,1 avenue ambroise thomas,83400,hyeres,1 avenue ambroise thomas 83400 hyeres,6.1314561,43.1185971
RETAIL GROUP - STRASBOURG,4 avenue de strasbourg,67400,illkirch-graffenstaden,4 avenue de strasbourg 67400 illkirch-graffenstaden,7.7401859,48.5470934
RETAIL GROUP - MULHOUSE,1 rue de sausheim,68110,illzach,1 rue de sausheim 68110 illzach,7.358534,47.7636109
GARAGE REYNARD,4 allee de la fibre francaise,69540,irigny,4 allee de la fibre francaise 69540 irigny,4.8279569,45.6878485
ISSOIRE - GRANVAL,397 route de clermont-ferrand,63500,issoire,397 route de clermont-ferrand 63500 issoire,3.2500413,45.5595182
LECLERC AUTOMOBILE,18 a 32 rue de metz,54800,jarny,18 a 32 rue de metz 54800 jarny,5.891972,49.154169
LA CLAYETTE - HERMEY AUTOMOBILE,avenue de la gare,71800,la clayette,avenue de la gare 71800 la clayette,4.299613,46.287761
RETAIL GROUP - LA MADELEINE,140 avenue de la republique,59110,la madeleine,140 avenue de la republique 59110 la madeleine,3.0775438,50.6467818
LA ROCHELLE AUTOMOBILE,avenue jean-paul sartre,17000,la rochelle,avenue jean-paul sartre 17000 la rochelle,-1.1273828,46.1564825
LA SEYNE AUTOMOBILES,boulevard de l'europe,83500,la seyne-sur-mer,boulevard de l'europe 83500 la seyne-sur-mer,5.8555875,43.1147522
COTE D'ARGENT AUTOS SA,voie directe bordeaux-arcachon,33115,la teste-de-buch,voie directe bordeaux-arcachon 33115 la teste-de-buch,-1.1833043,44.6099525
RETAIL GROUP TOULON,avenue lavoisier - zac des espaluns,83160,la valette-du-var,avenue lavoisier - zac des espaluns 83160 la valette-du-var,5.9938339,43.1437456
LANDIVISIAU - CELTADIS,route de plouvorn - rond-point du drennec,29400,landivisiau,route de plouvorn - rond-point du drennec 29400 landivisiau,-4.073265,48.510131
LANGON,route de bazas,33210,langon,route de bazas 33210 langon,-0.258974,44.5758849
SOCIÃTÃ NOUVELLE RELAIS PARIS - BÃLE,route de chaumont,52200,langres,route de chaumont 52200 langres,5.3234734,47.8728709
LANNION CELTADIS,route de guingamp,22300,lannion,route de guingamp 22300 lannion,-3.4148373,48.7187613
OLLIER DANIEL,chemin des fournaches - route nationale 102,7170,lavilledieu,chemin des fournaches - route nationale 102 7170 lavilledieu,,
RETAIL GROUP - NANCY,2 a 6 avenue de la resistance,54520,laxou,2 a 6 avenue de la resistance 54520 laxou,6.1348922,48.6941186
GARAGE DU BOSQUET,83 avenue de verdun - rte nationale 7,83340,le cannet-des-maures,83 avenue de verdun - rte nationale 7 83340 le cannet-des-maures,6.3111617,43.3909873
ROANNE - SAS LAFAY,31 boulevard charles de gaulle,42120,le coteau,31 boulevard charles de gaulle 42120 le coteau,4.0973363,46.0146608
RETAIL GROUP LE HAVRE,239-373 boulevard de graville,76600,le havre,239-373 boulevard de graville 76600 le havre,0.145218,49.5008367
RETAIL GROUP LE MANS,261 boulevard demorieux,72100,le mans,261 boulevard demorieux 72100 le mans,0.1762181,47.9802395
GARAGE DU CENTRE,20 avenue de verdun,88160,le thillot,20 avenue de verdun 88160 le thillot,6.7606635,47.8818733
AGENCE BERNE FALCO,rue de ribosi,31490,leguevin,rue de ribosi 31490 leguevin,1.2564918,43.6039477
HERBRETAISE AUTOMOBILES,2 rue de l'industrie - bp 415,85500,les herbiers,2 rue de l'industrie - bp 415 85500 les herbiers,-1.013388,46.86919
SAS LE ROUX,1 rue du petit jouy,78350,les loges-en-josas,1 rue du petit jouy 78350 les loges-en-josas,2.1403021,48.7650555
LEZIGNAN AUTOMOBILES,63 avenue georges clemenceau - bp 38,11200,lezignan corbieres,63 avenue georges clemenceau - bp 38 11200 lezignan corbieres,2.7577759,43.200503
BASTIDE S.A.S.,zi de la ballastiere,33500,libourne,zi de la ballastiere 33500 libourne,-0.243985,44.912998
BOISSY AUTOMOBILES,18 avenue de valenton,94450,limeil-brevannes,18 avenue de valenton 94450 limeil-brevannes,2.4862923,48.7421791
LIMOGES DIFFUSION AUTOMOBILES,79 avenue louis armand - z.i. nord,87100,limoges,79 avenue louis armand - z.i. nord 87100 limoges,1.2140596,45.8452801
LIMOUX,route de carcassonne,11300,limoux,route de carcassonne 11300 limoux,2.2134405,43.056287
MSA LISIEUX,"za de la vallee, rue paul cornu",14100,lisieux,"za de la vallee, rue paul cornu 14100 lisieux",0.219819,49.1636491
RETAIL GROUP LOCHES,2 rue de la fontaine charbonnelle - bp 143,37600,loches,2 rue de la fontaine charbonnelle - bp 143 37600 loches,0.997664,47.128158
SORECA LONS-LE-SAUNIER,47 avenue camille prost,39000,lons-le-saunier,47 avenue camille prost 39000 lons-le-saunier,5.5688258,46.6718704
RETAIL GROUP - PONT D'AQUITAINE,29 avenue de paris,33310,lormont,29 avenue de paris 33310 lormont,-0.5127693,44.8782809
SVA LACROIX,60 rue du jura,71500,louhans,60 rue du jura 71500 louhans,5.2357498,46.6309141
MSA VALLEE DE L'EURE - LOUVIERS,rond point du bequet,27400,louviers,rond point du bequet 27400 louviers,1.1821409,49.208164
RETAIL GROUP - LUNEL,chemin de langlou - route de la mer,34400,lunel,chemin de langlou - route de la mer 34400 lunel,4.1419791,43.667643
SAS GARAGE MICHELIN,avenue du marechal juin - za saline champ de manoeuvre,70200,lure,avenue du marechal juin - za saline champ de manoeuvre 70200 lure,6.494274,47.686417
RETAIL GROUP - LYON NORD,5 rue saint-simon,69009,lyon,5 rue saint-simon 69009 lyon,4.8003443,45.7798492
GARAGE DU PARC,64 rue duquesne,69006,lyon,64 rue duquesne 69006 lyon,4.8508578,45.7729361
GARAGE DARBO,64 rue de toufflers - zi de roubaix est,59390,lys-lez-lannoy,64 rue de toufflers - zi de roubaix est 59390 lys-lez-lannoy,3.216898,50.67452
A EPERNAY,100 avenue alfred anatole thevenet,51530,magenta,100 avenue alfred anatole thevenet 51530 magenta,3.9650966,49.0584108
AVALLON,46 route nationale,89200,magny,46 route nationale 89200 magny,3.9950927,47.4841617
CONCESSION  Ã MAINTENON,rue de l'avenir - zi de pierres,28130,maintenon,rue de l'avenir - zi de pierres 28130 maintenon,1.57774,48.58715
A ROMILLY,avenue philippe seguin - pars de l'aerodrome bat d,10510,maizieres-la-grande-paroisse,avenue philippe seguin - pars de l'aerodrome bat d 10510 maizieres-la-grande-paroisse,3.791103,48.50413
GARAGE BOMMERSHEIM,83 route de thionville,57280,maizieres-les-metz,83 route de thionville 57280 maizieres-les-metz,6.1647229,49.2231848
ESPACE MOZAC - BONY AUTOMOBILES,rue pre de giat - zi les gardelles,63530,malauzat,rue pre de giat - zi les gardelles 63530 malauzat,3.052415,45.8476969
CONCESSION  DE MANOSQUE,route de marseille- bp 238,4100,manosque,route de marseille- bp 238 4100 manosque,5.790916,43.835744
RETAIL GROUP MANTES-LA-VILLE,6 rue de l'ouest,78711,mantes-la-ville,6 rue de l'ouest 78711 mantes-la-ville,1.691876,48.9787593
MARMANDE,route de bordeaux,47200,marmande,route de bordeaux 47200 marmande,0.159869,44.500484
SMEA,13 rue chevalier paul,13002,marseille,13 rue chevalier paul 13002 marseille,5.3695003,43.3089017
RETAIL GROUP - MARSEILLE,134 boulevard michelet- bp 34,13008,marseille,134 boulevard michelet- bp 34 13008 marseille,5.3819969,43.25424
RETAIL GROUP - MARSEILLE - LA VALENTINE,3 montee commandant de robien,13011,marseille,3 montee commandant de robien 13011 marseille,5.4826661,43.2898786
GARAGE TUFFERY,103 avenue du general de gaulle - les gravairas,15500,massiac,103 avenue du general de gaulle - les gravairas 15500 massiac,3.199649,45.250053
MAYENNE AUTOMOBILES,route du mans,53100,mayenne,route du mans 53100 mayenne,-0.6905104,48.0696419
MONTAGNE NOIRE AUTOMOBILES,rn112 - ront point de la chevaliere,81200,mazamet,rn112 - ront point de la chevaliere 81200 mazamet,2.376579,43.490103
A MEAUX,37-39 avenue du president roosevelt - bp 2,77100,meaux,37-39 avenue du president roosevelt - bp 2 77100 meaux,2.8884657,48.9562018
CONCESSION  DE MELUN,23 route de montereau,77000,melun,23 route de montereau 77000 melun,2.6779734,48.5405328
RETAIL GROUP - MENTON,55 avenue cernuschi,6500,menton,55 avenue cernuschi 6500 menton,7.4895848,43.7735267
VANNES SAINT AVE,zone artisanale le poteau - route de pontivy,56890,meucon,zone artisanale le poteau - route de pontivy 56890 meucon,-2.7639428,47.7193033
WIETRICH S.A.,route departementale 22,67120,molsheim,route departementale 22 67120 molsheim,7.491512,48.543715
TARN ET GARONNE AUTOMOBILES,200 route du nord,82000,montauban,200 route du nord 82000 montauban,1.3820438,44.0368198
RETAIL GROUP - MONTBELIARD,rue du champ du cerf - rond point du pied des gouttes,25200,montbeliard,rue du champ du cerf - rond point du pied des gouttes 25200 montbeliard,6.798466,47.510356
MONTBRISON - SAS MATHIEU,8 avenue de saint-etienne,42600,montbrison,8 avenue de saint-etienne 42600 montbrison,4.0783386,45.5962518
MONT DE MARSAN,935 avenue du marechal juin,40000,mont-de-marsan,935 avenue du marechal juin 40000 mont-de-marsan,-0.4792871,43.90347
MONTELIMAR - ETS H JEAN,102 route de valence - bp 98,26200,montelimar,102 route de valence - bp 98 26200 montelimar,4.749496,44.556944
SMA,8 rue de provins,77130,montereau-fault-yonne,8 rue de provins 77130 montereau-fault-yonne,2.9601645,48.3897287
RETAIL GROUP RENNES ALMA,15 rue du bosphore,35200,rennes,15 rue du bosphore 35200 rennes,-1.6783284,48.0844631
CONCESSION  DE MONTEREAU,avenue du 8 mai 1945 - varennes-sur-seine,77130,montereau-fault-yonne,avenue du 8 mai 1945 - varennes-sur-seine 77130 montereau-fault-yonne,2.941049,48.371774
CONCESSION  DE BEAUCHAMP,117 avenue de la liberation - bp 22,95370,montigny-les-cormeilles,117 avenue de la liberation - bp 22 95370 montigny-les-cormeilles,2.187929,48.987412
STE DIAM,24 rue camille desmoulins - bp 3123,3100,montlucon,24 rue camille desmoulins - bp 3123 3100 montlucon,2.6019912,46.3415466
RETAIL GROUP MONTPELLIER,700 rue de l'industrie,34000,montpellier,700 rue de l'industrie 34000 montpellier,3.8803237,43.5849414
RETAIL GROUP - PORTE DE VINCENNES,57 rue armand carrel,93100,montreuil,57 rue armand carrel 93100 montreuil,2.4183733,48.8500618
MORLAIX CELTADIS,la croix rouge - 28 route de paris,29600,morlaix,la croix rouge - 28 route de paris 29600 morlaix,4.0134733,49.2489774
BERNARD AUTOMOBILES MORTEAU,45 rue de la louhiere,25500,morteau,45 rue de la louhiere 25500 morteau,6.6059972,47.0636941
MOULINS - BONY AUTOMOBILES,80 rue de paris - avermes,3000,moulins,80 rue de paris - avermes 3000 moulins,3.3271698,46.5720292
AUTOMOBILES MOURENX DIFFUSION,rue charles moureu,64150,mourenx,rue charles moureu 64150 mourenx,-0.608225,43.3778427
GARAGE MAURICE SA,54 rue de brunstatt,68200,mulhouse,54 rue de brunstatt 68200 mulhouse,7.3156665,47.7406307
RETAIL GROUP MURET,254 avenue des pyrenees,31600,muret,254 avenue des pyrenees 31600 muret,1.3096642,43.4382907
CONCESSION  Ã LA DEFENSE,140-158 avenue francois arago - bp 735,92000,nanterre,140-158 avenue francois arago - bp 735 92000 nanterre,2.215331,48.892423
NARBONNE,route de perpignan - z.i. croix sud,11100,narbonne,route de perpignan - z.i. croix sud 11100 narbonne,2.9887447,43.1625354
REUCHET S.A.,95 avenue du gen de gaulle,88300,neufchateau,95 avenue du gen de gaulle 88300 neufchateau,5.6929575,48.3473925
RETAIL GROUP - NICE RIQUIER,2 boulevard de l'armee des alpes,6300,nice,2 boulevard de l'armee des alpes 6300 nice,7.2919976,43.705156
RETAIL GROUP - NICE OUEST 202,254 route de grenoble,6200,nice,254 route de grenoble 6200 nice,7.1982414,43.6841468
RETAIL GROUP- NIMES,1500 avenue du marechal juin - bp 27,30900,nimes,1500 avenue du marechal juin - bp 27 30900 nimes,4.3256918,43.8333998
SAINT CHRISTOPHE AUTOMOBILES,214 avenue de paris - bp 171,79000,niort,214 avenue de paris - bp 171 79000 niort,-0.464777,46.323716
SARL NYONS AUTOMOBILES,rue du docteur dion - za des laurons,26110,nyons,rue du docteur dion - za des laurons 26110 nyons,5.140145,44.3618809
CAR-BOX,rue du commerce,67240,oberhoffen-sur-moder,rue du commerce 67240 oberhoffen-sur-moder,7.870391,48.771332
ORANGE SERVICES AUTOMOBILES,956 avenue marechal de lattre de tassigny,84100,orange,956 avenue marechal de lattre de tassigny 84100 orange,4.8033617,44.1508523
ORTHEZ - AUTOMOBILES ORTHEZIENNES SAS,route de pau - zone industrielle des soarns,64300,orthez,route de pau - zone industrielle des soarns 64300 orthez,-0.742999,43.475501
PACE AUTOMOBILES,"boulevard du scorff, zac rive ouest, 35740 pace",35740,pace,"boulevard du scorff, zac rive ouest, 35740 pace 35740 pace",-1.77276,48.146698
PAMIERS AUTOMOBILES,avenue de la bouriette - village automobile,9100,pamiers,avenue de la bouriette - village automobile 9100 pamiers,1.607953,43.114753
RETAIL GROUP - PANTIN,13 avenue du general leclerc,93500,pantin,13 avenue du general leclerc 93500 pantin,2.3988848,48.8947426
TRISCOS AUTOMOBILES,route de pontenx,40160,parentis-en-born,route de pontenx 40160 parentis-en-born,-1.0809952,44.3406565
GARAGES NATION,48 rue de picpus,75012,paris,48 rue de picpus 75012 paris,2.3958679,48.844266
ARCHIVES AUTOS,79 rue des archives - quartier des archives,75003,paris 03,79 rue des archives - quartier des archives 75003 paris 03,,
RETAIL GROUP - PARIS COURCELLES,23 boulevard de courcelles,75008,paris 08,23 boulevard de courcelles 75008 paris 08,2.3144007,48.8805554
RETAIL GROUP - PARIS REPUBLIQUE,96-100 rue amelot,75011,paris 11,96-100 rue amelot 75011 paris 11,2.3676048,48.8622848
RETAIL GROUP - PARIS ST JACQUES,79 rue du faubourg saint-jacques,75014,paris 14,79 rue du faubourg saint-jacques 75014 paris 14,2.3366879,48.8339216
RETAIL GROUP - PARIS GRENELLE,29 quai de grenelle,75015,paris 15,29 quai de grenelle 75015 paris 15,2.2867492,48.8525806
PERPIGNAN AVENIR AUTOMOBILE,"1935, avenue d'espagne",66000,perpignan,"1935, avenue d'espagne 66000 perpignan",2.8881612,42.6714124
SARL GARAGE HAMELIN GHD,335 rue aristide berges,66000,perpignan,335 rue aristide berges 66000 perpignan,2.895776,42.731358
GVA GUEUDET PERSAN,16 rue elie et corentin quideau,95340,persan,16 rue elie et corentin quideau 95340 persan,2.2602993,49.14717
RETAIL GROUP - PESSAC,306 avenue pasteur,33600,pessac,306 avenue pasteur 33600 pessac,-0.6623341,44.8002228
L'OCCITANE AUTOMOBILES S.A.S.,rond point de la paix,34120,pezenas,rond point de la paix 34120 pezenas,3.4163937,43.4509606
GARAGE SAINT CHRISTOPHE,37 avenue de toulouse,31820,pibrac,37 avenue de toulouse 31820 pibrac,1.2829557,43.6061823
PLOERMEL - AUVENDIS,40 avenue georges pompidou,56800,ploermel,40 avenue georges pompidou 56800 ploermel,-2.3865892,47.9316048
PONTARLIER,false rue de la fee verte,25300,pontarlier,false rue de la fee verte 25300 pontarlier,6.3338096,46.9097756
MSA PONT-AUDEMER,route d'honfleur,27500,pont-audemer,route d'honfleur 27500 pont-audemer,0.4974732,49.3511088
PONTIVY - AUVENDIS,96 rue albert de mun,56300,pontivy,96 rue albert de mun 56300 pontivy,-2.9576092,48.0462225
MSA PONT L'EVEQUE,rue georges clemenceau - z a de launay,14130,pont-l'eveque,rue georges clemenceau - z a de launay 14130 pont-l'eveque,0.182766,49.284982
GARAGE DU PIC DU MIDI,77 av de la mongie 65200 pouzac,65200,pouzac,77 av de la mongie 65200 pouzac 65200 pouzac,0.1393685,43.0808485
CONCESSION  DE PROVINS,26 route de champbenoist - bp 104,77160,provins,26 route de champbenoist - bp 104 77160 provins,3.299203,48.560149
QUIMPER - ASCORIA,zi de kernevez,29000,quimper,zi de kernevez 29000 quimper,-4.097899,47.997542
SAVY,61 rue de brunoy,91480,quincy,61 rue de brunoy 91480 quincy,2.5266636,48.677115
AUTOMOBILES JLG SAS,rue de rennes - z.i. de briangaud,35600,redon,rue de rennes - z.i. de briangaud 35600 redon,-2.083938,47.650742
GARAGE MODERNE,22 rue des romains,67110,reichshoffen,22 rue des romains 67110 reichshoffen,7.6712708,48.9320101
A REIMS,2 - 4 rue du colonel fabien,51100,reims,2 - 4 rue du colonel fabien 51100 reims,4.0195287,49.2501852
RETAIL GROUP RENNES,300 route de fougeres - les longs champs,35700,rennes,300 route de fougeres - les longs champs 35700 rennes,-1.6375834,48.1310392
DISTRIBUTION SERVICES AUTO,route de castres,31250,revel,route de castres 31250 revel,2.0114682,43.4693999
RETAIL GROUP - LYON RILLIEUX,110 rue du companet,69140,rillieux-la-pape,110 rue du companet 69140 rillieux-la-pape,4.8766988,45.8108766
PEYRONNET,32 avenue des deportes et fusilles,17300,rochefort,32 avenue des deportes et fusilles 17300 rochefort,-0.9668816,45.9330495
ESPACE AUTOMOBILE D'AUVERGNE,rn 89 - massagettes - saint pierre roche,63210,rochefort-montagne,rn 89 - massagettes - saint pierre roche 63210 rochefort-montagne,2.8047894,45.6848162
ROMANS - ARNO,1 rue rene reaumur - nouveau pont des allobroges,26100,romans-sur-isere,1 rue rene reaumur - nouveau pont des allobroges 26100 romans-sur-isere,5.0837302,45.0410039
WARSEMANN AUTOMOBILES ROMORANTIN,164 avenue de villefranche - bp 17,41200,romorantin-lanthenay,164 avenue de villefranche - bp 17 41200 romorantin-lanthenay,1.747259,47.358657
ROQUEVAIRE AUTOMOBILES,avenue des allies,13360,roquevaire,avenue des allies 13360 roquevaire,5.6036115,43.3486767
RETAIL GROUP - ROUBAIX,false avenue andre diligent,59100,roubaix,false avenue andre diligent 59100 roubaix,3.1779279,50.6873191
RETAIL GROUP ROUEN,184 avenue du mont riboudet,76000,rouen,184 avenue du mont riboudet 76000 rouen,1.0663295,49.448796
ROYAN AUTOS 2000 SA,20 rue antoine-laurent de lavoisier,17200,royan,20 rue antoine-laurent de lavoisier 17200 royan,-0.9893732,45.6316572
AUTORAMA SUD-OUEST,avenue aristide berges,9200,saint girons,avenue aristide berges 9200 saint girons,1.1398363,42.9878318
CHAMBERY,125 chemin des glieres,73230,saint-alban-leysse,125 chemin des glieres 73230 saint-alban-leysse,5.9519869,45.5722498
MILLAUTO LOSANGE SAINT AVOLD,67 avenue general patton,57500,saint-avo,67 avenue general patton 57500 saint-avo,,
LAVAL AUTOMOBILES,34 avenue de paris,53940,saint-berthevin,34 avenue de paris 53940 saint-berthevin,-0.8110294,48.0678696
ARCADIE ST BRIEUC,1 rue monge,22000,saint-brieuc,1 rue monge 22000 saint-brieuc,-2.7414167,48.5021193
SAINT- CHAMOND,boulevard de fontsala,42400,saint-chamond,boulevard de fontsala 42400 saint-chamond,4.529895,45.475622
SORECA SAINT-CLAUDE,21 rue carnot,39200,saint-claude,21 rue carnot 39200 saint-claude,5.8616947,46.3827574
LYON OUEST,27 avenue de l'aqueduc de beaunant,69110,sainte-foy-les-lyon,27 avenue de l'aqueduc de beaunant 69110 sainte-foy-les-lyon,4.7890473,45.7214434
SARL GARAGE FONTAINE PSR,224 route du plan de la tour,83120,sainte-maxime,224 route du plan de la tour 83120 sainte-maxime,6.6081866,43.3274352
BAGONNEAU,137 cours paul doumer,17100,saintes,137 cours paul doumer 17100 saintes,-0.6633907,45.7460021
GOLEN'AUTO,route de monistrol,43600,sainte-sigolene,route de monistrol 43600 sainte-sigolene,4.224132,45.245239
GRANDS MOULINS AUTO SAS,rue des grands moulins - parc economique des grands moulins - bp13,88200,saint-etienne-les-remiremont,rue des grands moulins - parc economique des grands moulins - bp13 88200 saint-etienne-les-remiremont,6.610639,48.019852
SAINT GELY,zone industrielle du puech,34980,saint-gely-du-fesc,zone industrielle du puech 34980 saint-gely-du-fesc,3.804436,43.69208
CONCESSION  Ã ST GERMAIN,112 rue du president roosevelt,78100,saint-germain-en-laye,112 rue du president roosevelt 78100 saint-germain-en-laye,2.0783087,48.8998055
SARL COTE - AGENT,45 chemin d'urfe - lieu dit le pressoir,42260,saint-germain-laval,45 chemin d'urfe - lieu dit le pressoir 42260 saint-germain-laval,4.0171629,45.840824
RETAIL GROUP NANTES,349 route de vannes,44800,saint-herblain,349 route de vannes 44800 saint-herblain,-1.6164357,47.2493985
GARAGE LAMERAIN S.A.,route nationale 10,64500,saint-jean-de-luz,route nationale 10 64500 saint-jean-de-luz,-1.6843362,43.3688865
SAINT-JUNIEN AUTOMOBILES,30 avenue d'oradour-sur-glane,87200,saint-junien,30 avenue d'oradour-sur-glane 87200 saint-junien,0.9182435,45.8973654
MSA VERNON,route nationale 15,27950,saint-just,route nationale 15 27950 saint-just,-0.1234625,47.2004454
S.A. GARAGE BADER,81 avenue general de gaulle,68300,saint-louis,81 avenue general de gaulle 68300 saint-louis,7.5502362,47.5801757
Ã CHATEAUROUX,108 avenue d'occitanie,36250,saint-maur,108 avenue d'occitanie 36250 saint-maur,1.6497284,46.7770093
BSA SAINT MAXIMIN,rn7 - parc d'activites du chemin d'aix,83470,saint-maximin-la-sainte-baume,rn7 - parc d'activites du chemin d'aix 83470 saint-maximin-la-sainte-baume,5.8514046,43.4551281
CENTRE AUTOMOBILE DE L'ETOILE,380 route de la cote d'amour - oceanis,44600,saint-nazaire,380 route de la cote d'amour - oceanis 44600 saint-nazaire,-2.213848,47.2734979
CONCESSION  DE NEMOURS,107 avenue carnot - bp 529 - st pierre les nemours,77140,saint-pierre-les-nemours,107 avenue carnot - bp 529 - st pierre les nemours 77140 saint-pierre-les-nemours,2.681118,48.266196
ETABLISSEMENTS BAILLEUL,184 rue de bethune,62130,saint-pol-sur-ternoise,184 rue de bethune 62130 saint-pol-sur-ternoise,2.3505663,50.3868536
GARAGE ROBLES AUTOMOBILES,1407 avenue du gratadis - zone artisanale d'agay,83700,saint-raphael,1407 avenue du gratadis - zone artisanale d'agay 83700 saint-raphael,6.862944,43.435012
RELAIS DE L'ADOUR,23 avenue du gen de gaulle,40500,saint-sever,23 avenue du gen de gaulle 40500 saint-sever,-0.5697438,43.7685058
LOUIS GRASSER LORRAINE SARREGUEMINES,4 rue des freres lumiere,57200,sarreguemines,4 rue des freres lumiere 57200 sarreguemines,7.0957831,49.1118937
SARRE-UNION AUTOMOBILES,false rue walter schmitt,67260,sarre-union,false rue walter schmitt 67260 sarre-union,7.097339,48.931366
GARAGE LAMBERT,24 avenue de romans,38360,sassenage,24 avenue de romans 38360 sassenage,5.6688897,45.2017232
LOUIS GRASSER SAS,95 rue de dettwiller,67700,saverne,95 rue de dettwiller 67700 saverne,7.3837848,48.7410836
LOUIS GRASSER S.A.S.,21 zone industrielle schweighouse-sur-moder secteur la sabliere,67590,schweighouse-sur-moder,21 zone industrielle schweighouse-sur-moder secteur la sabliere 67590 schweighouse-sur-moder,7.736116,48.821196
WACRENIER  SECLIN,15 route de lille,59113,seclin,15 route de lille 59113 seclin,3.0354955,50.559763
CENTRE ALSACE AUTOMOBILES,rue westrich - z.i. nord,67600,selestat,rue westrich - z.i. nord 67600 selestat,7.454241,48.259386
SENLIS,64 avenue du general de gaulle,60300,senlis,64 avenue du general de gaulle 60300 senlis,2.6022529,49.2079694
A SETE,zi- les eaux blanches,34200,sete,zi- les eaux blanches 34200 sete,3.7008219,43.4078758
RODOLPHE JOLY AUTOMOBILES,rue du 8 mai 1945,21250,seurre,rue du 8 mai 1945 21250 seurre,5.1513661,47.0054044
ANNECY - GROUPE GUEUDET,12 avenue d'aix-les-bains,74600,seynod,12 avenue d'aix-les-bains 74600 seynod,6.110458,45.8929088
SOUPPES AUTOMOBILES,115 avenue du marechal leclerc,77460,souppes,115 avenue du marechal leclerc 77460 souppes,2.7251342,48.1918909
AUTOS REPUBLIQUE SARL,41 avenue de la republique,15100,st flour,41 avenue de la republique 15100 st flour,3.1069669,45.0342768
RRG STRASBOURG,2 rue charles peguy - hautepierre,67200,strasbourg,2 rue charles peguy - hautepierre 67200 strasbourg,7.6905277,48.5900234
GARAGE SIERRA S.A.,rn 89 les plantes,24120,terrasson-lavilledieu,rn 89 les plantes 24120 terrasson-lavilledieu,1.305566,45.12756
THIERS - RICOUX,zi le felet,63300,thiers,zi le felet 63300 thiers,3.545177,45.857907
ETABLISSEMENT DUPOUY SA,route de bordeaux - avenue pierre mendes france,47400,tonneins,route de bordeaux - avenue pierre mendes france 47400 tonneins,0.2994084,44.4002302
TOULOUSE MONTAUDRAN AUTOMOBILE,125 route de revel,31400,toulouse,125 route de revel 31400 toulouse,1.4983849,43.5736675
RETAIL GROUP TOULOUSE ROCADE OUEST,131 rue nicolas louis vauquelin,31100,toulouse,131 rue nicolas louis vauquelin 31100 toulouse,1.4040017,43.5810925
RETAIL GROUP TOULOUSE ETATS UNIS,75 avenue des etats unis,31200,toulouse,75 avenue des etats unis 31200 toulouse,1.432385,43.630608
CHERBOURG - SCAUTO,854 boulevard de l'est,50110,tourlaville,854 boulevard de l'est 50110 tourlaville,-1.5893249,49.6345057
RETAIL GROUP - ST QUENTIN EN YVE,2-4 rue roger hennequin,78190,trappes,2-4 rue roger hennequin 78190 trappes,1.9988137,48.769789
A TROYES,15 boulevard danton,10000,troyes,15 boulevard danton 10000 troyes,4.0752575,48.303411
TULLE AUTOMOBILES,route de brive,19000,tulle,route de brive 19000 tulle,1.7530539,45.2520759
USSEL - BONY AUTOMOBILES,rn 89 - eybral,19200,ussel,rn 89 - eybral 19200 ussel,2.313835,45.548905
VALENCE - ARNO,false rue maurice rene simonet - zac briffaut est,26000,valence,false rue maurice rene simonet - zac briffaut est 26000 valence,4.89236,44.933393
RETAIL GROUP VALENCIENNES,20 avenue de denain,59300,valenciennes,20 avenue de denain 59300 valenciennes,3.5022241,50.3565004
VANNES - AUVENDIS,95 avenue edouard herriot,56000,vannes,95 avenue edouard herriot 56000 vannes,-2.737712,47.654537
SIMONNEAU AUTOMOBILES,"route du bois sabot, za les commailles - bp 43-03",58640,varennes-vauzelles,"route du bois sabot, za les commailles - bp 43-03 58640 varennes-vauzelles",3.1486476,47.0443373
GARAGE MORICEAU,104 boulevard de la republique,92420,vaucresson,104 boulevard de la republique 92420 vaucresson,2.153519,48.8374548
GARAGE DE L'AVENIR,228 -232 rue de meaux,93410,vaujours,228 -232 rue de meaux 93410 vaujours,2.5832496,48.936363
RETAIL GROUP - LYON EST,52 avenue de bohlen,69518,vaulx-en-velin,52 avenue de bohlen 69518 vaulx-en-velin,4.9258609,45.7635417
AUTO INTER EUROPE,rn 63 - route de strasbourg,67550,vendenheim,rn 63 - route de strasbourg 67550 vendenheim,7.7198139,48.6635501
RETAIL GROUP - LYON SUD,364 route de vienne,69200,venissieux,364 route de vienne 69200 venissieux,4.8537042,45.7186594
CONCESSION  A VERNOUILLET,41 boulevard de l'europe,78540,vernouillet,41 boulevard de l'europe 78540 vernouillet,1.9880379,48.9727419
RETAIL GROUP - VERSAILLES,81 rue des chantiers,78000,versailles,81 rue des chantiers 78000 versailles,2.1457708,48.7930583
SONODIA,4 boulevard kennedy,70000,vesoul,4 boulevard kennedy 70000 vesoul,6.1706618,47.6232811
VIENNE - ARNO,151 avenue general leclerc,38200,vienne,151 avenue general leclerc 38200 vienne,4.8538172,45.5028657
A VILLEMOMBLE,25 route de noisy,93250,villemomble,25 route de noisy 93250 villemomble,2.4978391,48.8829919
RETAIL GROUP PONT DE LA MAYE,50-60 avenue des pyrenees,33140,villenave-d'ornon,50-60 avenue des pyrenees 33140 villenave-d'ornon,-0.5631753,44.7713135
VILLENEUVE/LOT,route de bordeaux - bias,47300,villeneuve sur lot,route de bordeaux - bias 47300 villeneuve sur lot,0.6737359,44.4031364
RETAIL GROUP - VILLENEUVE D'ASCQ,1 avenue du pont de bois,59650,villeneuve-d'ascq,1 avenue du pont de bois 59650 villeneuve-d'ascq,3.1256642,50.6256559
ANNAPPES AUTOMOBILES,99 rue marcel bouderiez,59493,villeneuve-d'ascq,99 rue marcel bouderiez 59493 villeneuve-d'ascq,3.149497,50.6190506
Ã VILLENEUVE-SAINT-GEORGES,188 rue de paris - bp 45,94190,villeneuve-saint-georges,188 rue de paris - bp 45 94190 villeneuve-saint-georges,2.447488,48.7305769
SOCIETE DES GARAGES DE VILLEPINTE,9 avenue georges clemenceau,93420,villepinte,9 avenue georges clemenceau 93420 villepinte,2.5596163,48.9578484
J.L GUILMAULT S.A.S,route de laval - bp 90228,35500,vitre,route de laval - bp 90228 35500 vitre,-1.21543,48.124746
ANCIENS ETS LETERME - REUCHET S.A,avenue de chatillon,88800,vittel,avenue de chatillon 88800 vittel,5.935819,48.2034576
LOUIS GRASSER S.A.S.,29 allee des peupliers altenstadt,67160,wissembourg,29 allee des peupliers altenstadt 67160 wissembourg,7.9592255,49.029734
MSA YVETOT,55 avenue du marechal foch,76190,yvetot,55 avenue du marechal foch 76190 yvetot,0.7422502,49.6180493
