{
  "cparams": {
    "extractBeforePrepare": true,
    "selection": {
      "useMemTable": false,
      "filter": {
        "distinct": false,
        "enabled": false
      },
      "partitionSelectionMethod": "ALL",
      "latestPartitionsN": 1,
      "ordering": {
        "enabled": false,
        "rules": []
      },
      "samplingMethod": "HEAD_SEQUENTIAL",
      "maxRecords": 100000,
      "targetRatio": 0.02,
      "withinFirstN": -1,
      "maxReadUncompressedBytes": -1
    },
    "instanceIdRefresher": 0
  },
  "generationDate": 1563870731476,
  "policyId": "extractBeforePrepare\u003dtrue,,ds\u003dlogDatailu_prepared_by_visitor_id,sel\u003d(method\u003dhead-s,records\u003d100000)",
  "instanceId": "e8ef735a26ba05248ad0fff9d17a391f-0",
  "format": "csv1",
  "schema": {
    "columns": [
      {"name":"visitor_id","type":"string"},
      {"name":"server_ts_min","type":"date"},
      {"name":"server_ts_max","type":"date"},
      {"name":"ip_adress_min","type":"string"},
      {"name":"ip_adress_country_min","type":"string"},
      {"name":"session_id_distinct","type":"bigint"},
      {"name":"url_distinct","type":"bigint"},
      {"name":"blog_sum","type":"bigint"},
      {"name":"applications_sum","type":"bigint"},
      {"name":"home_sum","type":"bigint"},
      {"name":"company_sum","type":"bigint"},
      {"name":"products_sum","type":"bigint"},
      {"name":"data-science_sum","type":"bigint"},
      {"name":"count","type":"bigint"}
    ],
    "userModified": false
  },
  "fullPath": "full.csv.gz",
  "trainRows": 0,
  "testRows": 0,
  "fullRows": 2538
}