{
  "inputDatasetSmartName": "accidents_2013",
  "script": {
    "steps": [
      {
        "type": "CreateColumnWithGREL",
        "params": {
          "column": "year",
          "expression": "\"20\" + year"
        },
        "metaType": "PROCESSOR",
        "preview": false,
        "disabled": false,
        "alwaysShowComment": false
      },
      {
        "type": "CreateColumnWithGREL",
        "params": {
          "column": "hrmn",
          "expression": "if(length(hrmn)\u003d\u003d1,\u0027000\u0027+hrmn,\nif(length(hrmn)\u003d\u003d2,\u002700\u0027+hrmn,\nif(length(hrmn)\u003d\u003d3,\u00270\u0027+hrmn,hrmn)))"
        },
        "metaType": "PROCESSOR",
        "preview": false,
        "disabled": false,
        "alwaysShowComment": false
      },
      {
        "type": "ColumnsConcat",
        "params": {
          "join": "-",
          "columns": [
            "year",
            "month",
            "day",
            "hrmn"
          ],
          "outputColumn": "datetime"
        },
        "metaType": "PROCESSOR",
        "preview": false,
        "disabled": false,
        "alwaysShowComment": false
      },
      {
        "type": "DateParser",
        "params": {
          "outCol": "datetime_parsed",
          "lang": "auto",
          "timezone_id": "UTC",
          "formats": [
            "yyyy-MM-dd-HHmm"
          ],
          "appliesTo": "SINGLE_COLUMN",
          "columns": [
            "datetime"
          ]
        },
        "metaType": "PROCESSOR",
        "preview": false,
        "disabled": false,
        "alwaysShowComment": false
      },
      {
        "type": "DateComponentsExtractor",
        "params": {
          "column": "datetime_parsed",
          "outYearColumn": "",
          "outMonthColumn": "",
          "outDayColumn": "",
          "outWeekOfYearColumn": "week_of_year",
          "timezone_id": "UTC"
        },
        "metaType": "PROCESSOR",
        "preview": false,
        "disabled": false,
        "alwaysShowComment": false
      },
      {
        "type": "CreateColumnWithGREL",
        "params": {
          "column": "longitude",
          "expression": "longitude/100000"
        },
        "metaType": "PROCESSOR",
        "preview": false,
        "disabled": false,
        "alwaysShowComment": false
      },
      {
        "type": "CreateColumnWithGREL",
        "params": {
          "column": "latitude",
          "expression": "latitude/100000"
        },
        "metaType": "PROCESSOR",
        "preview": false,
        "disabled": false,
        "alwaysShowComment": false
      },
      {
        "type": "GeoPointCreator",
        "params": {
          "out_column": "geopoint",
          "lat_column": "latitude",
          "lon_column": "longitude"
        },
        "metaType": "PROCESSOR",
        "preview": false,
        "disabled": false,
        "alwaysShowComment": false
      },
      {
        "type": "RemoveRowsOnEmpty",
        "params": {
          "keep": false,
          "appliesTo": "SINGLE_COLUMN",
          "columns": [
            "geopoint"
          ]
        },
        "metaType": "PROCESSOR",
        "preview": false,
        "disabled": false,
        "alwaysShowComment": false
      },
      {
        "type": "FilterOnValue",
        "params": {
          "values": [
            "POINT(0 0)"
          ],
          "matchingMode": "FULL_STRING",
          "normalizationMode": "EXACT",
          "action": "REMOVE_ROW",
          "booleanMode": "AND",
          "appliesTo": "SINGLE_COLUMN",
          "columns": [
            "geopoint"
          ]
        },
        "metaType": "PROCESSOR",
        "preview": false,
        "disabled": false,
        "alwaysShowComment": false
      },
      {
        "type": "CityLevelReverseGeocoder",
        "params": {
          "inputCol": "geopoint",
          "l8OutCol": "",
          "l7OutCol": "city",
          "l6OutCol": "departement",
          "l4OutCol": "region",
          "l2OutCol": "country"
        },
        "metaType": "PROCESSOR",
        "preview": false,
        "disabled": false,
        "alwaysShowComment": false
      },
      {
        "type": "ColumnsSelector",
        "params": {
          "keep": false,
          "appliesTo": "COLUMNS",
          "columns": [
            "country_enName",
            "region_enName",
            "departement_enName",
            "city_enName"
          ]
        },
        "metaType": "PROCESSOR",
        "preview": false,
        "disabled": false,
        "alwaysShowComment": false
      },
      {
        "type": "FilterOnValue",
        "params": {
          "values": [
            "France"
          ],
          "matchingMode": "FULL_STRING",
          "normalizationMode": "EXACT",
          "action": "KEEP_ROW",
          "booleanMode": "AND",
          "appliesTo": "SINGLE_COLUMN",
          "columns": [
            "country"
          ]
        },
        "metaType": "PROCESSOR",
        "preview": false,
        "disabled": false,
        "alwaysShowComment": false
      }
    ],
    "maxProcessedMemTableBytes": -1,
    "columnsSelection": {
      "mode": "ALL"
    },
    "coloring": {
      "scheme": "MEANING_AND_STATUS",
      "individualColumns": [],
      "valueColoringMode": "HASH"
    },
    "sorting": [],
    "analysisColumnData": {},
    "explorationSampling": {
      "selection": {
        "maxStoredBytes": 104857600,
        "filter": {
          "distinct": false,
          "enabled": false
        },
        "partitionSelectionMethod": "ALL",
        "latestPartitionsN": 1,
        "ordering": {
          "enabled": false,
          "rules": []
        },
        "samplingMethod": "HEAD_SEQUENTIAL",
        "maxRecords": 10000,
        "targetRatio": 0.02,
        "withinFirstN": -1,
        "maxReadUncompressedBytes": -1
      },
      "autoRefreshSample": false,
      "_refreshTrigger": 0
    },
    "vizSampling": {
      "autoRefreshSample": false,
      "_refreshTrigger": 0
    },
    "exploreUIParams": {
      "autoRefresh": true
    },
    "globalSearchQuery": "",
    "explorationFilters": [
      {
        "column": "country",
        "type": "columnFilter",
        "currentMode": "FACET",
        "active": true,
        "facet": {
          "type": "facet",
          "column": "country",
          "columnType": "ALPHANUM",
          "currentMode": "ALPHANUM",
          "sort": "count",
          "selectedValues": {}
        },
        "alphanumFilter": {
          "type": "alphanum",
          "column": "country",
          "values": [],
          "params": {
            "mode": "full_string",
            "normalization": "exact"
          }
        },
        "validityFilter": {
          "type": "validity",
          "column": "country",
          "params": {
            "type": "CountryMeaning",
            "ok": true,
            "nok": true,
            "empty": true
          }
        },
        "$$hashKey": "object:38487"
      }
    ],
    "previewMode": "ALL_ROWS"
  },
  "charts": [],
  "name": "Analyze accidents_database",
  "versionTag": {
    "versionNumber": 2,
    "lastModifiedBy": {
      "login": "smoulouel"
    },
    "lastModifiedOn": 1563877251025
  },
  "creationTag": {
    "versionNumber": 0,
    "lastModifiedBy": {
      "login": "smoulouel"
    },
    "lastModifiedOn": 1563808988001
  },
  "tags": [],
  "customFields": {},
  "checklists": {
    "checklists": []
  }
}