{"clusters": [{"facts": [{"std": 9930.846880020963, "global_mean": 14842.667059888356, "feature_label": "Casual_2_avg", "global_std": 28285.578378415026, "cluster_label": "cluster_0", "diff": -0.3276233466849156, "type": "numerical", "mean": 5575.651208633536}, {"std": 109.72725949802506, "global_mean": 160.80491695894858, "feature_label": "Casual_3_avg", "global_std": 310.1581096912059, "cluster_label": "cluster_0", "diff": -0.32219871906775543, "type": "numerical", "mean": 60.872371307965665}, {"std": 3845.994511677018, "global_mean": 4941.471749672269, "feature_label": "Member_5_avg", "global_std": 6381.616463036494, "cluster_label": "cluster_0", "diff": -0.27919964015335963, "type": "numerical", "mean": 3159.726729595724}], "cluster": "cluster_0", "size": 111}, {"facts": [{"std": null, "global_mean": 8769.982214170193, "feature_label": "Member_4_avg", "global_std": 21604.075081552965, "cluster_label": "cluster_1", "diff": 11.624247593930217, "type": "numerical", "mean": 259901.1}, {"std": null, "global_mean": 11125.036585365853, "feature_label": "count", "global_std": 9944.58268710855, "cluster_label": "cluster_1", "diff": -1.1065357825050521, "type": "numerical", "mean": 121.0}, {"std": null, "global_mean": 268.376764317431, "feature_label": "Member_3_avg", "global_std": 344.87106693382435, "cluster_label": "cluster_1", "diff": -0.7363774496132361, "type": "numerical", "mean": 14.421487603305785}], "cluster": "cluster_1", "size": 1}, {"facts": [{"std": 47083.862916796985, "global_mean": 14842.667059888356, "feature_label": "Casual_2_avg", "global_std": 28285.578378415026, "cluster_label": "cluster_2", "diff": 1.217162240814359, "type": "numerical", "mean": 49270.805021690176}, {"std": 9334.520290013714, "global_mean": 4941.471749672269, "feature_label": "Member_5_avg", "global_std": 6381.616463036494, "cluster_label": "cluster_2", "diff": 1.1627305291764929, "type": "numerical", "mean": 12361.57203674011}, {"std": 526.0750905536074, "global_mean": 268.376764317431, "feature_label": "Member_3_avg", "global_std": 344.87106693382435, "cluster_label": "cluster_2", "diff": 0.8788904375574784, "type": "numerical", "mean": 571.4806472358143}], "cluster": "cluster_2", "size": 27}, {"facts": [{"std": null, "global_mean": 23464.429895482703, "feature_label": "Casual_6_avg", "global_std": 130500.83149734676, "cluster_label": "cluster_3", "diff": 12.272038564012863, "type": "numerical", "mean": 1624975.6666666667}, {"std": null, "global_mean": 11125.036585365853, "feature_label": "count", "global_std": 9944.58268710855, "cluster_label": "cluster_3", "diff": -1.0961783845889463, "type": "numerical", "mean": 224.0}, {"std": null, "global_mean": 268.376764317431, "feature_label": "Member_3_avg", "global_std": 344.87106693382435, "cluster_label": "cluster_3", "diff": -0.721483338151095, "type": "numerical", "mean": 19.558035714285715}], "cluster": "cluster_3", "size": 1}, {"facts": [{"std": 413.43603334548015, "global_mean": 160.80491695894858, "feature_label": "Casual_3_avg", "global_std": 310.1581096912059, "cluster_label": "cluster_4", "diff": 2.0420095618642393, "type": "numerical", "mean": 794.1507426381287}, {"std": 962.4562931765147, "global_mean": 199.04880839804923, "feature_label": "Casual_7_avg", "global_std": 452.8559271470801, "cluster_label": "cluster_4", "diff": 1.2190005070228818, "type": "numerical", "mean": 751.0804131986571}, {"std": 13823.392504961872, "global_mean": 7099.288465407812, "feature_label": "Member_6_avg", "global_std": 11253.593006671777, "cluster_label": "cluster_4", "diff": 0.3027978922099304, "type": "numerical", "mean": 10506.85270761644}], "cluster": "cluster_4", "size": 22}, {"facts": [{"std": null, "global_mean": 32612.758924502425, "feature_label": "Casual_5_avg", "global_std": 214477.7874678129, "cluster_label": "cluster_outliers", "diff": 12.323515046853773, "type": "numerical", "mean": 2675733.0}, {"std": 135852.9648737871, "global_mean": 7949.46590375891, "feature_label": "Member_1_avg", "global_std": 16368.499782267027, "cluster_label": "cluster_outliers", "diff": 5.440097860734723, "type": "numerical", "mean": 96995.70655270656}, {"std": 61592.92996058236, "global_mean": 7099.288465407812, "feature_label": "Member_6_avg", "global_std": 11253.593006671777, "cluster_label": "cluster_outliers", "diff": 3.3006471764925975, "type": "numerical", "mean": 44243.42844827586}], "cluster": "cluster_outliers", "size": 2}], "global": {"facts": [{"std": null, "global_mean": 32612.758924502425, "feature_label": "Casual_5_avg", "global_std": 214477.7874678129, "cluster_label": "cluster_outliers", "diff": 12.323515046853773, "type": "numerical", "mean": 2675733.0}, {"std": null, "global_mean": 23464.429895482703, "feature_label": "Casual_6_avg", "global_std": 130500.83149734676, "cluster_label": "cluster_3", "diff": 12.272038564012863, "type": "numerical", "mean": 1624975.6666666667}, {"std": null, "global_mean": 8769.982214170193, "feature_label": "Member_4_avg", "global_std": 21604.075081552965, "cluster_label": "cluster_1", "diff": 11.624247593930217, "type": "numerical", "mean": 259901.1}, {"std": 135852.9648737871, "global_mean": 7949.46590375891, "feature_label": "Member_1_avg", "global_std": 16368.499782267027, "cluster_label": "cluster_outliers", "diff": 5.440097860734723, "type": "numerical", "mean": 96995.70655270656}, {"std": 61592.92996058236, "global_mean": 7099.288465407812, "feature_label": "Member_6_avg", "global_std": 11253.593006671777, "cluster_label": "cluster_outliers", "diff": 3.3006471764925975, "type": "numerical", "mean": 44243.42844827586}, {"std": 413.43603334548015, "global_mean": 160.80491695894858, "feature_label": "Casual_3_avg", "global_std": 310.1581096912059, "cluster_label": "cluster_4", "diff": 2.0420095618642393, "type": "numerical", "mean": 794.1507426381287}, {"std": 962.4562931765147, "global_mean": 199.04880839804923, "feature_label": "Casual_7_avg", "global_std": 452.8559271470801, "cluster_label": "cluster_4", "diff": 1.2190005070228818, "type": "numerical", "mean": 751.0804131986571}, {"std": 47083.862916796985, "global_mean": 14842.667059888356, "feature_label": "Casual_2_avg", "global_std": 28285.578378415026, "cluster_label": "cluster_2", "diff": 1.217162240814359, "type": "numerical", "mean": 49270.805021690176}, {"std": 9334.520290013714, "global_mean": 4941.471749672269, "feature_label": "Member_5_avg", "global_std": 6381.616463036494, "cluster_label": "cluster_2", "diff": 1.1627305291764929, "type": "numerical", "mean": 12361.57203674011}, {"std": null, "global_mean": 11125.036585365853, "feature_label": "count", "global_std": 9944.58268710855, "cluster_label": "cluster_1", "diff": -1.1065357825050521, "type": "numerical", "mean": 121.0}], "size": 164}}