{
    "metrics": {
        "nbClusters": 5, 
        "silhouette": 0.26450899531362304, 
        "inertia": 1313.9276036151675
    }, 
    "reduce_vars": [], 
    "train_nb_features": 14, 
    "train_nb_records": 162, 
    "summary": {
        "clusters": []
    }, 
    "variables_importance": {
        "variables": [
            "Casual_1_avg", 
            "Casual_2_avg", 
            "Casual_3_avg", 
            "Casual_4_avg", 
            "Casual_5_avg", 
            "Casual_6_avg", 
            "Casual_7_avg", 
            "Member_1_avg", 
            "Member_2_avg", 
            "Member_3_avg", 
            "Member_4_avg", 
            "Member_5_avg", 
            "Member_6_avg", 
            "Member_7_avg"
        ], 
        "importances": [
            0.04186132341898375, 
            0.15419832084426127, 
            0.21591794776431808, 
            0.03350731262550367, 
            0.023235762778014545, 
            0.028167922132800907, 
            0.09588906158704362, 
            0.04617726802537463, 
            0.04761620797857482, 
            0.06378016101363893, 
            0.03936024536765983, 
            0.11334528808440032, 
            0.056104876286145106, 
            0.04083830209328051
        ]
    }, 
    "processed_feature_names": [
        "Casual_1_avg", 
        "Casual_2_avg", 
        "Casual_3_avg", 
        "Casual_4_avg", 
        "Casual_5_avg", 
        "Casual_6_avg", 
        "Casual_7_avg", 
        "Member_1_avg", 
        "Member_2_avg", 
        "Member_3_avg", 
        "Member_4_avg", 
        "Member_5_avg", 
        "Member_6_avg", 
        "Member_7_avg"
    ], 
    "train_nb_outliers": 2, 
    "cluster_description": [
        {
            "variable": "Casual_5_avg", 
            "var": 1418751851391.7, 
            "values": [
                {
                    "cluster": "cluster_0", 
                    "value": 16392.910183567936
                }, 
                {
                    "cluster": "cluster_2", 
                    "value": 15329.529120687293
                }, 
                {
                    "cluster": "cluster_3", 
                    "value": 3779.3333333333335
                }, 
                {
                    "cluster": "cluster_4", 
                    "value": 13880.222765351105
                }, 
                {
                    "cluster": "cluster_outliers", 
                    "value": 2675733.0
                }
            ]
        }, 
        {
            "variable": "B00001_001E", 
            "var": 738.25, 
            "values": [
                {
                    "cluster": "cluster_0", 
                    "value": 117.72072072072072
                }, 
                {
                    "cluster": "cluster_1", 
                    "value": 67.0
                }, 
                {
                    "cluster": "cluster_2", 
                    "value": 132.07407407407408
                }, 
                {
                    "cluster": "cluster_3", 
                    "value": 115.0
                }, 
                {
                    "cluster": "cluster_4", 
                    "value": 96.4090909090909
                }, 
                {
                    "cluster": "cluster_outliers", 
                    "value": 68.0
                }
            ]
        }, 
        {
            "variable": "Casual_2_avg", 
            "var": 418567878.7, 
            "values": [
                {
                    "cluster": "cluster_0", 
                    "value": 5575.651208633536
                }, 
                {
                    "cluster": "cluster_2", 
                    "value": 49270.805021690176
                }, 
                {
                    "cluster": "cluster_3", 
                    "value": 316.0
                }, 
                {
                    "cluster": "cluster_4", 
                    "value": 18278.81948320407
                }, 
                {
                    "cluster": "cluster_outliers", 
                    "value": 1413.2857142857142
                }
            ]
        }, 
        {
            "variable": "Member_7_avg", 
            "var": 51971.66, 
            "values": [
                {
                    "cluster": "cluster_0", 
                    "value": 311.8423012905111
                }, 
                {
                    "cluster": "cluster_1", 
                    "value": 47.35537190082645
                }, 
                {
                    "cluster": "cluster_2", 
                    "value": 603.6724941189569
                }, 
                {
                    "cluster": "cluster_3", 
                    "value": 22.339285714285715
                }, 
                {
                    "cluster": "cluster_4", 
                    "value": 312.99075279711644
                }, 
                {
                    "cluster": "cluster_outliers", 
                    "value": 56.016328671328665
                }
            ]
        }, 
        {
            "variable": "Member_4_avg", 
            "var": 10825128491.99, 
            "values": [
                {
                    "cluster": "cluster_0", 
                    "value": 6333.545100252702
                }, 
                {
                    "cluster": "cluster_1", 
                    "value": 259901.1
                }, 
                {
                    "cluster": "cluster_2", 
                    "value": 12255.6383621003
                }, 
                {
                    "cluster": "cluster_3", 
                    "value": 372.06666666666666
                }, 
                {
                    "cluster": "cluster_4", 
                    "value": 6465.639165875476
                }, 
                {
                    "cluster": "cluster_outliers", 
                    "value": 917.0564516129032
                }
            ]
        }, 
        {
            "variable": "Casual_7_avg", 
            "var": 80583.41, 
            "values": [
                {
                    "cluster": "cluster_0", 
                    "value": 113.20023715603891
                }, 
                {
                    "cluster": "cluster_1", 
                    "value": 10.677685950413224
                }, 
                {
                    "cluster": "cluster_2", 
                    "value": 127.42690107439734
                }, 
                {
                    "cluster": "cluster_3", 
                    "value": 45.125
                }, 
                {
                    "cluster": "cluster_4", 
                    "value": 751.0804131986571
                }, 
                {
                    "cluster": "cluster_outliers", 
                    "value": 29.340073815073815
                }
            ]
        }, 
        {
            "variable": "Casual_3_avg", 
            "var": 96808.38, 
            "values": [
                {
                    "cluster": "cluster_0", 
                    "value": 60.872371307965665
                }, 
                {
                    "cluster": "cluster_1", 
                    "value": 4.1570247933884295
                }, 
                {
                    "cluster": "cluster_2", 
                    "value": 76.86847919052086
                }, 
                {
                    "cluster": "cluster_3", 
                    "value": 5.736607142857143
                }, 
                {
                    "cluster": "cluster_4", 
                    "value": 794.1507426381287
                }, 
                {
                    "cluster": "cluster_outliers", 
                    "value": 29.257128982128982
                }
            ]
        }, 
        {
            "variable": "Casual_6_avg", 
            "var": 434742665075.89, 
            "values": [
                {
                    "cluster": "cluster_0", 
                    "value": 12163.190326545442
                }, 
                {
                    "cluster": "cluster_1", 
                    "value": 2681.0
                }, 
                {
                    "cluster": "cluster_2", 
                    "value": 16457.98334490705
                }, 
                {
                    "cluster": "cluster_3", 
                    "value": 1624975.6666666667
                }, 
                {
                    "cluster": "cluster_4", 
                    "value": 16053.517676659254
                }, 
                {
                    "cluster": "cluster_outliers", 
                    "value": 2522.666666666667
                }
            ]
        }, 
        {
            "variable": "Member_6_avg", 
            "var": 274081167.84, 
            "values": [
                {
                    "cluster": "cluster_0", 
                    "value": 5296.1790058671795
                }, 
                {
                    "cluster": "cluster_1", 
                    "value": 256.6666666666667
                }, 
                {
                    "cluster": "cluster_2", 
                    "value": 9494.436316475692
                }, 
                {
                    "cluster": "cluster_3", 
                    "value": 163.375
                }, 
                {
                    "cluster": "cluster_4", 
                    "value": 10506.85270761644
                }, 
                {
                    "cluster": "cluster_outliers", 
                    "value": 44243.42844827586
                }
            ]
        }, 
        {
            "variable": "Casual_4_avg", 
            "var": 300683069.17, 
            "values": [
                {
                    "cluster": "cluster_0", 
                    "value": 35599.061875054365
                }, 
                {
                    "cluster": "cluster_1", 
                    "value": 1313.5
                }, 
                {
                    "cluster": "cluster_2", 
                    "value": 37672.38875197347
                }, 
                {
                    "cluster": "cluster_3", 
                    "value": 1126.0
                }, 
                {
                    "cluster": "cluster_4", 
                    "value": 21144.09610607551
                }, 
                {
                    "cluster": "cluster_outliers", 
                    "value": 2293.75
                }
            ]
        }, 
        {
            "variable": "Member_2_avg", 
            "var": 14021013.39, 
            "values": [
                {
                    "cluster": "cluster_0", 
                    "value": 3893.793142342341
                }, 
                {
                    "cluster": "cluster_1", 
                    "value": 404.3333333333333
                }, 
                {
                    "cluster": "cluster_2", 
                    "value": 9860.44434504465
                }, 
                {
                    "cluster": "cluster_3", 
                    "value": 436.0
                }, 
                {
                    "cluster": "cluster_4", 
                    "value": 5641.597294995984
                }, 
                {
                    "cluster": "cluster_outliers", 
                    "value": 1060.3869047619048
                }
            ]
        }, 
        {
            "variable": "Member_5_avg", 
            "var": 21693676.48, 
            "values": [
                {
                    "cluster": "cluster_0", 
                    "value": 3159.726729595724
                }, 
                {
                    "cluster": "cluster_1", 
                    "value": 370.5
                }, 
                {
                    "cluster": "cluster_2", 
                    "value": 12361.57203674011
                }, 
                {
                    "cluster": "cluster_3", 
                    "value": 392.5
                }, 
                {
                    "cluster": "cluster_4", 
                    "value": 5525.6422271221245
                }, 
                {
                    "cluster": "cluster_outliers", 
                    "value": 900.1904761904763
                }
            ]
        }, 
        {
            "variable": "Casual_1_avg", 
            "var": 491125134.51, 
            "values": [
                {
                    "cluster": "cluster_0", 
                    "value": 21126.69708567177
                }, 
                {
                    "cluster": "cluster_1", 
                    "value": 370.0
                }, 
                {
                    "cluster": "cluster_2", 
                    "value": 54043.76303486432
                }, 
                {
                    "cluster": "cluster_4", 
                    "value": 31525.113734757724
                }, 
                {
                    "cluster": "cluster_outliers", 
                    "value": 2548.0
                }
            ]
        }, 
        {
            "variable": "count", 
            "var": 43767710.57, 
            "values": [
                {
                    "cluster": "cluster_0", 
                    "value": 10662.792792792792
                }, 
                {
                    "cluster": "cluster_1", 
                    "value": 121.0
                }, 
                {
                    "cluster": "cluster_2", 
                    "value": 14335.74074074074
                }, 
                {
                    "cluster": "cluster_3", 
                    "value": 224.0
                }, 
                {
                    "cluster": "cluster_4", 
                    "value": 11476.363636363636
                }, 
                {
                    "cluster": "cluster_outliers", 
                    "value": 523.0
                }
            ]
        }, 
        {
            "variable": "Member_1_avg", 
            "var": 1424426794.8, 
            "values": [
                {
                    "cluster": "cluster_0", 
                    "value": 5618.88726339347
                }, 
                {
                    "cluster": "cluster_1", 
                    "value": 416.7142857142857
                }, 
                {
                    "cluster": "cluster_2", 
                    "value": 11562.577463961909
                }, 
                {
                    "cluster": "cluster_3", 
                    "value": 412.0
                }, 
                {
                    "cluster": "cluster_4", 
                    "value": 7757.982928241869
                }, 
                {
                    "cluster": "cluster_outliers", 
                    "value": 96995.70655270656
                }
            ]
        }, 
        {
            "variable": "Member_3_avg", 
            "var": 46163.8, 
            "values": [
                {
                    "cluster": "cluster_0", 
                    "value": 202.326421553231
                }, 
                {
                    "cluster": "cluster_1", 
                    "value": 14.421487603305785
                }, 
                {
                    "cluster": "cluster_2", 
                    "value": 571.4806472358143
                }, 
                {
                    "cluster": "cluster_3", 
                    "value": 19.558035714285715
                }, 
                {
                    "cluster": "cluster_4", 
                    "value": 271.99797696597125
                }, 
                {
                    "cluster": "cluster_outliers", 
                    "value": 53.82203185703186
                }
            ]
        }, 
        {
            "variable": "cluster_size", 
            "var": 1811.47, 
            "values": [
                {
                    "cluster": "cluster_0", 
                    "value": 111
                }, 
                {
                    "cluster": "cluster_2", 
                    "value": 27
                }, 
                {
                    "cluster": "cluster_4", 
                    "value": 22
                }, 
                {
                    "cluster": "cluster_outliers", 
                    "value": 2
                }, 
                {
                    "cluster": "cluster_1", 
                    "value": 1
                }, 
                {
                    "cluster": "cluster_3", 
                    "value": 1
                }
            ]
        }
    ]
}