{
    "trainingTime": 1132, 
    "state": "DONE", 
    "startTime": 1565177530151, 
    "preprocessingTime": 141, 
    "progress": {
        "top_level_todo": [
            "Fitting model", 
            "Saving model", 
            "Scoring model"
        ], 
        "stack": [], 
        "top_level_done": [
            {
                "name": "Loading source dataset", 
                "time": 36
            }, 
            {
                "name": "Collecting statistics", 
                "time": 32
            }, 
            {
                "name": "Preprocessing data", 
                "time": 72
            }
        ]
    }, 
    "endTime": 1565177531424, 
    "modelId": "m1"
}