{"clusters": [{"facts": [{"category_value": "France", "current_impact": 0.9934158161862027, "feature_label": "ip_adress_country_min", "global_ratio": 0.5114535610162433, "cluster_label": "cluster_0", "diff": -0.9552117263843646, "current_ratio": 1.0, "type": "categorical"}, {"std": 0.31172927556284746, "global_mean": 2.635879218472469, "feature_label": "applications_sum", "global_std": 2.5949428095189426, "cluster_label": "cluster_0", "diff": -0.6047195129116187, "type": "numerical", "mean": 1.0666666666666667}, {"std": 0.7523315619222554, "global_mean": 3.5663983903420524, "feature_label": "products_sum", "global_std": 3.9414288955157075, "cluster_label": "cluster_0", "diff": -0.5466630863012895, "type": "numerical", "mean": 1.411764705882353}], "cluster": "cluster_0", "size": 732}, {"facts": [{"std": 7.196214668303648, "global_mean": 4.265722615576843, "feature_label": "count", "global_std": 5.905099102021333, "cluster_label": "cluster_1", "diff": 3.8154969399586016, "type": "numerical", "mean": 26.796610169491526}, {"std": 3.0503278991326104, "global_mean": 2.9675135360266554, "feature_label": "url_distinct", "global_std": 3.048187033290658, "cluster_label": "cluster_1", "diff": 3.708326549912679, "type": "numerical", "mean": 14.271186440677965}, {"std": 6.463605455836688, "global_mean": 3.5663983903420524, "feature_label": "products_sum", "global_std": 3.9414288955157075, "cluster_label": "cluster_1", "diff": 1.9260772039138256, "type": "numerical", "mean": 11.157894736842104}], "cluster": "cluster_1", "size": 59}, {"facts": [{"category_value": "United States", "current_impact": 0.38243754014555115, "feature_label": "ip_adress_country_min", "global_ratio": 0.17576009995835068, "cluster_label": "cluster_2", "diff": -1.1882974845060155, "current_ratio": 0.38461538461538464, "type": "categorical"}, {"std": 0.5910903104450631, "global_mean": 2.635879218472469, "feature_label": "applications_sum", "global_std": 2.5949428095189426, "cluster_label": "cluster_2", "diff": -0.5379229219819457, "type": "numerical", "mean": 1.24}, {"std": 0.6738562496072743, "global_mean": 2.9675135360266554, "feature_label": "url_distinct", "global_std": 3.048187033290658, "cluster_label": "cluster_2", "diff": -0.5275883377765025, "type": "numerical", "mean": 1.3593256059009484}], "cluster": "cluster_2", "size": 949}, {"facts": [{"std": 1.3087408500752906, "global_mean": 2.9675135360266554, "feature_label": "url_distinct", "global_std": 3.048187033290658, "cluster_label": "cluster_3", "diff": 0.5122731328695685, "type": "numerical", "mean": 4.529017857142857}, {"std": 1.0608056282943796, "global_mean": 2.635879218472469, "feature_label": "applications_sum", "global_std": 2.5949428095189426, "cluster_label": "cluster_3", "diff": -0.34957775403511915, "type": "numerical", "mean": 1.728744939271255}, {"category_value": "France", "current_impact": 0.6727391607208787, "feature_label": "ip_adress_country_min", "global_ratio": 0.5114535610162433, "cluster_label": "cluster_3", "diff": -0.32238650244299655, "current_ratio": 0.6763392857142857, "type": "categorical"}], "cluster": "cluster_3", "size": 448}, {"facts": [{"std": 2.0981473026267983, "global_mean": 2.9675135360266554, "feature_label": "url_distinct", "global_std": 3.048187033290658, "cluster_label": "cluster_4", "diff": 1.7930251966181883, "type": "numerical", "mean": 8.43298969072165}, {"std": 2.932551980533336, "global_mean": 4.265722615576843, "feature_label": "count", "global_std": 5.905099102021333, "cluster_label": "cluster_4", "diff": 1.3743580832731825, "type": "numerical", "mean": 12.381443298969073}, {"std": 2.9979735328830714, "global_mean": 3.5663983903420524, "feature_label": "products_sum", "global_std": 3.9414288955157075, "cluster_label": "cluster_4", "diff": 0.6805197975891394, "type": "numerical", "mean": 6.248618784530387}], "cluster": "cluster_4", "size": 194}, {"facts": [{"std": 12.518290711562075, "global_mean": 1.5560183256976259, "feature_label": "session_id_distinct", "global_std": 2.087933142208035, "cluster_label": "cluster_outliers", "diff": 7.62364731084991, "type": "numerical", "mean": 17.473684210526315}, {"std": 8.374315892457524, "global_mean": 1.5417910447761194, "feature_label": "home_sum", "global_std": 1.7124635812686393, "cluster_label": "cluster_outliers", "diff": 5.8516333222107235, "type": "numerical", "mean": 11.5625}, {"std": 10.475256280972165, "global_mean": 4.265722615576843, "feature_label": "count", "global_std": 5.905099102021333, "cluster_label": "cluster_outliers", "diff": 5.3383949234387975, "type": "numerical", "mean": 35.78947368421053}], "cluster": "cluster_outliers", "size": 19}], "global": {"facts": [{"std": 12.518290711562075, "global_mean": 1.5560183256976259, "feature_label": "session_id_distinct", "global_std": 2.087933142208035, "cluster_label": "cluster_outliers", "diff": 7.62364731084991, "type": "numerical", "mean": 17.473684210526315}, {"std": 8.374315892457524, "global_mean": 1.5417910447761194, "feature_label": "home_sum", "global_std": 1.7124635812686393, "cluster_label": "cluster_outliers", "diff": 5.8516333222107235, "type": "numerical", "mean": 11.5625}, {"std": 10.475256280972165, "global_mean": 4.265722615576843, "feature_label": "count", "global_std": 5.905099102021333, "cluster_label": "cluster_outliers", "diff": 5.3383949234387975, "type": "numerical", "mean": 35.78947368421053}, {"std": 7.196214668303648, "global_mean": 4.265722615576843, "feature_label": "count", "global_std": 5.905099102021333, "cluster_label": "cluster_1", "diff": 3.8154969399586016, "type": "numerical", "mean": 26.796610169491526}, {"std": 3.0503278991326104, "global_mean": 2.9675135360266554, "feature_label": "url_distinct", "global_std": 3.048187033290658, "cluster_label": "cluster_1", "diff": 3.708326549912679, "type": "numerical", "mean": 14.271186440677965}, {"std": 19.172028235600603, "global_mean": 1.935483870967742, "feature_label": "blog_sum", "global_std": 3.075562502106071, "cluster_label": "cluster_outliers", "diff": 3.500015402600655, "type": "numerical", "mean": 12.7}, {"std": 8.090117428072352, "global_mean": 3.5663983903420524, "feature_label": "products_sum", "global_std": 3.9414288955157075, "cluster_label": "cluster_outliers", "diff": 3.186306779235896, "type": "numerical", "mean": 16.125}, {"std": 6.463605455836688, "global_mean": 3.5663983903420524, "feature_label": "products_sum", "global_std": 3.9414288955157075, "cluster_label": "cluster_1", "diff": 1.9260772039138256, "type": "numerical", "mean": 11.157894736842104}, {"std": 4.74742158396602, "global_mean": 2.9675135360266554, "feature_label": "url_distinct", "global_std": 3.048187033290658, "cluster_label": "cluster_outliers", "diff": 1.8927081921899807, "type": "numerical", "mean": 8.736842105263158}, {"std": 3.833047859374559, "global_mean": 2.635879218472469, "feature_label": "applications_sum", "global_std": 2.5949428095189426, "cluster_label": "cluster_1", "diff": 1.8429317910847924, "type": "numerical", "mean": 7.418181818181818}], "size": 2401}}