{
    "trainingTime": 1943, 
    "state": "DONE", 
    "startTime": 1563873294397, 
    "preprocessingTime": 581, 
    "progress": {
        "top_level_todo": [], 
        "stack": [], 
        "top_level_done": [
            {
                "name": "Loading source dataset", 
                "time": 65
            }, 
            {
                "name": "Collecting statistics", 
                "time": 19
            }, 
            {
                "name": "Preprocessing data", 
                "time": 477
            }, 
            {
                "name": "Fitting model", 
                "time": 449
            }, 
            {
                "name": "Saving model", 
                "time": 2
            }, 
            {
                "name": "Scoring model", 
                "time": 1492
            }
        ]
    }, 
    "endTime": 1563873296921, 
    "modelId": "m1"
}