{
    "gridSize": 5, 
    "nThreads": 4, 
    "metric": "ROC_AUC", 
    "gridPoints": [
        {
            "index": 0, 
            "finishedAt": 1564753775072.0, 
            "score": 0.7599736855445133, 
            "parameters": {
                "penalty": "l2", 
                "C": 0.01
            }, 
            "time": 225.0
        }, 
        {
            "index": 1, 
            "finishedAt": 1564753774984.0, 
            "score": 0.7560805915717874, 
            "parameters": {
                "penalty": "l2", 
                "C": 0.1
            }, 
            "time": 247.0
        }, 
        {
            "index": 2, 
            "finishedAt": 1564753774917.0, 
            "score": 0.7475010880567946, 
            "parameters": {
                "penalty": "l2", 
                "C": 1.0
            }, 
            "time": 234.0
        }, 
        {
            "index": 3, 
            "finishedAt": 1564753775087.0, 
            "score": 0.745598013652817, 
            "parameters": {
                "penalty": "l2", 
                "C": 10.0
            }, 
            "time": 155.0
        }, 
        {
            "index": 4, 
            "finishedAt": 1564753774845.0, 
            "score": 0.7454832172012485, 
            "parameters": {
                "penalty": "l2", 
                "C": 100.0
            }, 
            "time": 786.0
        }
    ], 
    "startedAt": 1564753774563, 
    "nSplits": 3
}