[
    {
        "parameters": {
            "penalty": "l2", 
            "C": 1.0
        }, 
        "score_time": 50, 
        "test_score": 0.7632880809940176, 
        "fit_time": 6, 
        "num_samples": 434, 
        "best_iteration": null, 
        "train_score": 0.7833634875506161, 
        "parameter_id": 2, 
        "time": 56, 
        "done_at": 1564753774889, 
        "grid_point_id": "{\"penalty\": \"l2\", \"C\": 1.0}@1"
    }, 
    {
        "parameters": {
            "penalty": "l2", 
            "C": 100.0
        }, 
        "score_time": 236, 
        "test_score": 0.7619937873907041, 
        "fit_time": 14, 
        "num_samples": 434, 
        "best_iteration": null, 
        "train_score": 0.7789767668935413, 
        "parameter_id": 4, 
        "time": 250, 
        "done_at": 1564753774839, 
        "grid_point_id": "{\"penalty\": \"l2\", \"C\": 100.0}@2"
    }, 
    {
        "parameters": {
            "penalty": "l2", 
            "C": 0.1
        }, 
        "score_time": 76, 
        "test_score": 0.7585135757017948, 
        "fit_time": 15, 
        "num_samples": 434, 
        "best_iteration": null, 
        "train_score": 0.7852588954940984, 
        "parameter_id": 1, 
        "time": 91, 
        "done_at": 1564753774971, 
        "grid_point_id": "{\"penalty\": \"l2\", \"C\": 0.1}@1"
    }, 
    {
        "parameters": {
            "penalty": "l2", 
            "C": 100.0
        }, 
        "score_time": 244, 
        "test_score": 0.7639208467556374, 
        "fit_time": 23, 
        "num_samples": 434, 
        "best_iteration": null, 
        "train_score": 0.7830547658022458, 
        "parameter_id": 4, 
        "time": 267, 
        "done_at": 1564753774844, 
        "grid_point_id": "{\"penalty\": \"l2\", \"C\": 100.0}@1"
    }, 
    {
        "parameters": {
            "penalty": "l2", 
            "C": 0.01
        }, 
        "score_time": 38, 
        "test_score": 0.7629141739530604, 
        "fit_time": 14, 
        "num_samples": 434, 
        "best_iteration": null, 
        "train_score": 0.7724146348467879, 
        "parameter_id": 0, 
        "time": 52, 
        "done_at": 1564753775032, 
        "grid_point_id": "{\"penalty\": \"l2\", \"C\": 0.01}@2"
    }, 
    {
        "parameters": {
            "penalty": "l2", 
            "C": 0.01
        }, 
        "score_time": 87, 
        "test_score": 0.7513230556833871, 
        "fit_time": 19, 
        "num_samples": 434, 
        "best_iteration": null, 
        "train_score": 0.7787398409006059, 
        "parameter_id": 0, 
        "time": 106, 
        "done_at": 1564753775072, 
        "grid_point_id": "{\"penalty\": \"l2\", \"C\": 0.01}@1"
    }, 
    {
        "parameters": {
            "penalty": "l2", 
            "C": 1.0
        }, 
        "score_time": 98, 
        "test_score": 0.7160348683833229, 
        "fit_time": 11, 
        "num_samples": 435, 
        "best_iteration": null, 
        "train_score": 0.7964219972388402, 
        "parameter_id": 2, 
        "time": 109, 
        "done_at": 1564753774707, 
        "grid_point_id": "{\"penalty\": \"l2\", \"C\": 1.0}@0"
    }, 
    {
        "parameters": {
            "penalty": "l2", 
            "C": 1.0
        }, 
        "score_time": 54, 
        "test_score": 0.7631442705936495, 
        "fit_time": 15, 
        "num_samples": 434, 
        "best_iteration": null, 
        "train_score": 0.7790772809511503, 
        "parameter_id": 2, 
        "time": 69, 
        "done_at": 1564753774917, 
        "grid_point_id": "{\"penalty\": \"l2\", \"C\": 1.0}@2"
    }, 
    {
        "parameters": {
            "penalty": "l2", 
            "C": 0.1
        }, 
        "score_time": 64, 
        "test_score": 0.7681488725264611, 
        "fit_time": 11, 
        "num_samples": 434, 
        "best_iteration": null, 
        "train_score": 0.7792065133109329, 
        "parameter_id": 1, 
        "time": 75, 
        "done_at": 1564753774984, 
        "grid_point_id": "{\"penalty\": \"l2\", \"C\": 0.1}@2"
    }, 
    {
        "parameters": {
            "penalty": "l2", 
            "C": 10.0
        }, 
        "score_time": 39, 
        "test_score": 0.7638345605154166, 
        "fit_time": 19, 
        "num_samples": 434, 
        "best_iteration": null, 
        "train_score": 0.7830619453777892, 
        "parameter_id": 3, 
        "time": 58, 
        "done_at": 1564753775077, 
        "grid_point_id": "{\"penalty\": \"l2\", \"C\": 10.0}@1"
    }, 
    {
        "parameters": {
            "penalty": "l2", 
            "C": 10.0
        }, 
        "score_time": 20, 
        "test_score": 0.7617636907501151, 
        "fit_time": 21, 
        "num_samples": 434, 
        "best_iteration": null, 
        "train_score": 0.7789911260446283, 
        "parameter_id": 3, 
        "time": 41, 
        "done_at": 1564753775087, 
        "grid_point_id": "{\"penalty\": \"l2\", \"C\": 10.0}@2"
    }, 
    {
        "parameters": {
            "penalty": "l2", 
            "C": 100.0
        }, 
        "score_time": 251, 
        "test_score": 0.7106153581464701, 
        "fit_time": 18, 
        "num_samples": 435, 
        "best_iteration": null, 
        "train_score": 0.7966233317993556, 
        "parameter_id": 4, 
        "time": 269, 
        "done_at": 1564753774845, 
        "grid_point_id": "{\"penalty\": \"l2\", \"C\": 100.0}@0"
    }, 
    {
        "parameters": {
            "penalty": "l2", 
            "C": 0.1
        }, 
        "score_time": 58, 
        "test_score": 0.7416126627286803, 
        "fit_time": 23, 
        "num_samples": 435, 
        "best_iteration": null, 
        "train_score": 0.795235561435803, 
        "parameter_id": 1, 
        "time": 81, 
        "done_at": 1564753774951, 
        "grid_point_id": "{\"penalty\": \"l2\", \"C\": 0.1}@0"
    }, 
    {
        "parameters": {
            "penalty": "l2", 
            "C": 0.01
        }, 
        "score_time": 58, 
        "test_score": 0.7656707002351322, 
        "fit_time": 9, 
        "num_samples": 435, 
        "best_iteration": null, 
        "train_score": 0.7849746893695351, 
        "parameter_id": 0, 
        "time": 67, 
        "done_at": 1564753775011, 
        "grid_point_id": "{\"penalty\": \"l2\", \"C\": 0.01}@0"
    }, 
    {
        "parameters": {
            "penalty": "l2", 
            "C": 10.0
        }, 
        "score_time": 42, 
        "test_score": 0.7112748752652407, 
        "fit_time": 14, 
        "num_samples": 435, 
        "best_iteration": null, 
        "train_score": 0.7966736654394847, 
        "parameter_id": 3, 
        "time": 56, 
        "done_at": 1564753775060, 
        "grid_point_id": "{\"penalty\": \"l2\", \"C\": 10.0}@0"
    }
]