{
  "state": "DONE",
  "preSearchDescription": {
    "gridLength": 5,
    "importantParams": [
      {
        "name": "penalty",
        "vals": [
          "l2"
        ]
      },
      {
        "name": "C",
        "vals": [
          "0.01",
          "0.1",
          "1.0",
          "10.0",
          "100.0"
        ]
      }
    ]
  },
  "postSearchDescription": {
    "importantParams": [
      {
        "name": "C",
        "val": "0.01"
      },
      {
        "name": "penalty",
        "val": "l2"
      }
    ]
  },
  "sampleWeightsEnabled": false,
  "modelId": "m1",
  "progress": {
    "top_level_todo": [],
    "stack": [],
    "top_level_done": [
      {
        "name": "Loading train set",
        "time": 28
      },
      {
        "name": "Loading test set",
        "time": 13
      },
      {
        "name": "Collecting statistics",
        "time": 35
      },
      {
        "name": "Preprocessing train set",
        "time": 135
      },
      {
        "name": "Preprocessing test set",
        "time": 54
      },
      {
        "name": "Grid searching",
        "time": 1082
      },
      {
        "name": "Fitting model",
        "time": 6
      },
      {
        "name": "Saving model",
        "time": 15
      },
      {
        "name": "Scoring model",
        "time": 565
      }
    ]
  },
  "startTime": 1564753774288,
  "endTime": 1564753776224,
  "preprocessingTime": 268,
  "trainingTime": 1668
}