{
  "pages": [
    {
      "id": "D50cQBZ",
      "grid": {
        "tiles": []
      },
      "showTitle": false
    }
  ],
  "owner": "smoulouel",
  "listed": true,
  "name": "Predictive Maintenance\u0027s default dashboard",
  "showGrid": true,
  "versionTag": {
    "versionNumber": 0,
    "lastModifiedBy": {
      "login": "smoulouel"
    },
    "lastModifiedOn": 1564737448490
  },
  "creationTag": {
    "versionNumber": 0,
    "lastModifiedBy": {
      "login": "smoulouel"
    },
    "lastModifiedOn": 1564737448490
  },
  "tags": [],
  "customFields": {},
  "checklists": {
    "checklists": []
  }
}