{
    "per_feature": {
        "count": {
            "stats": {
                "std": 5.8787373622020205, 
                "p99": 33.0, 
                "min": 1.0, 
                "max": 56.0, 
                "average": 4.274625689519307, 
                "median": 2.0
            }, 
            "missing_impute_with_value": 4.274625689519307
        }, 
        "applications_sum": {
            "stats": {
                "std": 2.551667935328908, 
                "p99": 12.059999999999945, 
                "min": 1.0, 
                "max": 16.0, 
                "average": 2.6100840336134454, 
                "median": 1.0
            }, 
            "missing_impute_with_value": 2.6100840336134454
        }, 
        "data-science_sum": {
            "stats": {
                "std": 0.0, 
                "p99": 1.0, 
                "min": 1.0, 
                "max": 1.0, 
                "average": 1.0, 
                "median": 1.0
            }, 
            "missing_impute_with_value": 0.0
        }, 
        "session_id_distinct": {
            "stats": {
                "std": 2.0936760565044397, 
                "p99": 8.63000000000011, 
                "min": 1.0, 
                "max": 56.0, 
                "average": 1.5547675334909377, 
                "median": 1.0
            }, 
            "missing_impute_with_value": 1.5547675334909377
        }, 
        "server_ts_max": {
            "stats": {}
        }, 
        "company_sum": {
            "stats": {
                "std": 1.7394365206479456, 
                "p99": 8.879999999999995, 
                "min": 1.0, 
                "max": 20.0, 
                "average": 2.0897615708274895, 
                "median": 2.0
            }, 
            "missing_impute_with_value": 2.0897615708274895
        }, 
        "ip_adress_country_min": {
            "stats": {
                "mostFrequentValue": "France", 
                "leastFrequentValue": "Tanzania"
            }, 
            "category_possible_counts": [
                1293, 
                433, 
                124, 
                109, 
                44, 
                43, 
                39, 
                34, 
                30, 
                26, 
                23, 
                22, 
                22, 
                20, 
                17, 
                15, 
                13, 
                10, 
                10, 
                9, 
                8, 
                8, 
                8, 
                7, 
                7, 
                6, 
                6, 
                6, 
                5, 
                5, 
                5, 
                5, 
                4, 
                4, 
                4, 
                3, 
                3, 
                3, 
                3, 
                3, 
                3, 
                3, 
                3, 
                3, 
                3, 
                3, 
                3, 
                3, 
                3, 
                3, 
                3, 
                3, 
                2, 
                2, 
                2, 
                1, 
                1, 
                1, 
                1, 
                1, 
                1, 
                1, 
                1, 
                1, 
                1, 
                1, 
                1, 
                1, 
                1, 
                1, 
                1, 
                1, 
                1, 
                1, 
                1, 
                1, 
                1, 
                1, 
                1, 
                1, 
                1, 
                1, 
                1, 
                1, 
                1, 
                1, 
                1
            ], 
            "category_possible_values": [
                "France", 
                "United States", 
                "United Kingdom", 
                "India", 
                "Canada", 
                "Germany", 
                "Brazil", 
                "Spain", 
                "Australia", 
                "China", 
                "Ireland", 
                "Switzerland", 
                "Russia", 
                "Japan", 
                "Netherlands", 
                "Singapore", 
                "Italy", 
                "Finland", 
                "Israel", 
                "Denmark", 
                "Hong Kong", 
                "Turkey", 
                "Belgium", 
                "South Africa", 
                "Poland", 
                "Norway", 
                "Mexico", 
                "Malaysia", 
                "Sweden", 
                "Iran", 
                "South Korea", 
                "Thailand", 
                "Morocco", 
                "Greece", 
                "Czechia", 
                "Austria", 
                "Philippines", 
                "New Zealand", 
                "Serbia", 
                "Sri Lanka", 
                "Luxembourg", 
                "Colombia", 
                "Taiwan", 
                "Argentina", 
                "Hungary", 
                "Guadeloupe", 
                "Tunisia", 
                "Algeria", 
                "Romania", 
                "Indonesia", 
                "Vietnam", 
                "Slovakia", 
                "Ukraine", 
                "French Guiana", 
                "Saudi Arabia", 
                "Republic of Lithuania", 
                "Chile", 
                "Aruba", 
                "Ecuador", 
                "Cameroon", 
                "Kuwait", 
                "Slovenia", 
                "Egypt", 
                "Bosnia and Herzegovina", 
                "Bolivia", 
                "Tanzania", 
                "Puerto Rico", 
                "Zimbabwe", 
                "Uganda", 
                "Nepal", 
                "Pakistan", 
                "Portugal", 
                "Bulgaria", 
                "Trinidad and Tobago", 
                "Madagascar", 
                "Senegal", 
                "Mauritius", 
                "Iraq", 
                "Croatia", 
                "Peru", 
                "Malta", 
                "Bangladesh", 
                "Qatar", 
                "Kenya", 
                "Ivory Coast", 
                "Estonia", 
                "Fiji"
            ]
        }, 
        "visitor_id": {
            "stats": {}
        }, 
        "blog_sum": {
            "stats": {
                "std": 3.053307093366953, 
                "p99": 10.0, 
                "min": 1.0, 
                "max": 56.0, 
                "average": 1.93446088794926, 
                "median": 1.0
            }, 
            "missing_impute_with_value": 1.93446088794926
        }, 
        "products_sum": {
            "stats": {
                "std": 3.943738698072117, 
                "p99": 21.0, 
                "min": 1.0, 
                "max": 29.0, 
                "average": 3.568052930056711, 
                "median": 2.0
            }, 
            "missing_impute_with_value": 3.568052930056711
        }, 
        "ip_adress_min": {
            "stats": {}
        }, 
        "server_ts_min": {
            "stats": {}
        }, 
        "home_sum": {
            "stats": {
                "std": 1.688594268744263, 
                "p99": 7.0, 
                "min": 1.0, 
                "max": 27.0, 
                "average": 1.5421348314606742, 
                "median": 1.0
            }, 
            "missing_impute_with_value": 1.5421348314606742
        }, 
        "url_distinct": {
            "stats": {
                "std": 3.0465596875862864, 
                "p99": 15.0, 
                "min": 1.0, 
                "max": 21.0, 
                "average": 2.9736012608353035, 
                "median": 2.0
            }, 
            "missing_impute_with_value": 2.9736012608353035
        }
    }, 
    "feature_order": [
        "count", 
        "applications_sum", 
        "ip_adress_min", 
        "data-science_sum", 
        "session_id_distinct", 
        "server_ts_max", 
        "company_sum", 
        "ip_adress_country_min", 
        "visitor_id", 
        "products_sum", 
        "blog_sum", 
        "server_ts_min", 
        "home_sum", 
        "url_distinct"
    ]
}