{
    "per_feature": {
        "count": {
            "stats": {
                "std": 21.61838660669813, 
                "p99": 107.0, 
                "min": 1.0, 
                "max": 122.0, 
                "average": 41.497313891020724, 
                "median": 41.0
            }, 
            "missing_impute_with_value": 41.497313891020724
        }, 
        "distance": {
            "stats": {
                "std": 687.1482410290586, 
                "p99": 2884.0497745939747, 
                "min": 0.0, 
                "max": 3095.2904364669885, 
                "average": 1723.9232708756367, 
                "median": 1798.7053954961812
            }, 
            "missing_impute_with_value": 1723.9232708756367
        }, 
        "R417_sum": {
            "stats": {
                "std": 57.44977898388797, 
                "p99": 85.94000000000005, 
                "min": 0.0, 
                "max": 2003.0, 
                "average": 5.933231005372218, 
                "median": 0.0
            }, 
            "missing_impute_with_value": 5.933231005372218
        }, 
        "R193_sum": {
            "stats": {
                "std": 42.61556056938688, 
                "p99": 218.54000000000042, 
                "min": -1.0, 
                "max": 582.0, 
                "average": 25.691481197237145, 
                "median": 13.0
            }, 
            "missing_impute_with_value": 25.691481197237145
        }, 
        "R119_sum": {
            "stats": {
                "std": 9.161617237630802, 
                "p99": 37.86000000000013, 
                "min": 0.0, 
                "max": 194.0, 
                "average": 1.3000767459708364, 
                "median": 0.0
            }, 
            "missing_impute_with_value": 1.3000767459708364
        }, 
        "failure_bin": {
            "stats": {}
        }, 
        "R575_sum": {
            "stats": {
                "std": 1.4727886429802788, 
                "p99": 4.0, 
                "min": 0.0, 
                "max": 39.0, 
                "average": 0.170376055257099, 
                "median": 0.0
            }, 
            "missing_impute_with_value": 0.170376055257099
        }, 
        "measures_count": {
            "stats": {
                "std": 5.106900235291009, 
                "p99": 24.0, 
                "min": 1.0, 
                "max": 32.0, 
                "average": 12.200306983883346, 
                "median": 12.0
            }, 
            "missing_impute_with_value": 12.200306983883346
        }, 
        "Use_min": {
            "stats": {
                "std": 2335.06654522368, 
                "p99": 33830.90351747472, 
                "min": 25740.47544654615, 
                "max": 34355.88041387895, 
                "average": 28930.771980301528, 
                "median": 28646.413117128785
            }, 
            "missing_impute_with_value": 28930.771980301528
        }, 
        "R565_sum": {
            "stats": {
                "std": 107.22212151636359, 
                "p99": 281.7600000000002, 
                "min": 0.0, 
                "max": 1799.0, 
                "average": 38.588641596316194, 
                "median": 14.0
            }, 
            "missing_impute_with_value": 38.588641596316194
        }, 
        "R783_sum": {
            "stats": {
                "std": 7.265465116882286, 
                "p99": 24.980000000000018, 
                "min": 0.0, 
                "max": 105.0, 
                "average": 1.5625479662317727, 
                "median": 0.0
            }, 
            "missing_impute_with_value": 1.5625479662317727
        }, 
        "Asset": {
            "stats": {}
        }, 
        "R707_sum": {
            "stats": {
                "std": 136.45774055612821, 
                "p99": 503.6400000000003, 
                "min": 0.0, 
                "max": 2557.0, 
                "average": 54.144282425172676, 
                "median": 28.0
            }, 
            "missing_impute_with_value": 54.144282425172676
        }, 
        "R044_sum": {
            "stats": {
                "std": 1.4519089848952533, 
                "p99": 5.0, 
                "min": 0.0, 
                "max": 26.0, 
                "average": 0.2356101304681504, 
                "median": 0.0
            }, 
            "missing_impute_with_value": 0.2356101304681504
        }, 
        "R446_sum": {
            "stats": {
                "std": 14.80756735381035, 
                "p99": 72.0, 
                "min": 0.0, 
                "max": 235.0, 
                "average": 6.184190330007675, 
                "median": 2.0
            }, 
            "missing_impute_with_value": 6.184190330007675
        }, 
        "Time_min": {
            "stats": {
                "std": 168.26667215239843, 
                "p99": 654.9200000000001, 
                "min": 0.0, 
                "max": 710.0, 
                "average": 126.35456638526477, 
                "median": 58.0
            }, 
            "missing_impute_with_value": 126.35456638526477
        }, 
        "R364_sum": {
            "stats": {
                "std": 12.303761419425843, 
                "p99": 43.86000000000013, 
                "min": 0.0, 
                "max": 250.0, 
                "average": 3.9270913277052957, 
                "median": 1.0
            }, 
            "missing_impute_with_value": 3.9270913277052957
        }, 
        "R606_sum": {
            "stats": {
                "std": 4.554039514540636, 
                "p99": 3.0, 
                "min": 0.0, 
                "max": 130.0, 
                "average": 0.2762854950115119, 
                "median": 0.0
            }, 
            "missing_impute_with_value": 0.2762854950115119
        }
    }, 
    "feature_order": [
        "count", 
        "distance", 
        "R417_sum", 
        "R193_sum", 
        "R119_sum", 
        "failure_bin", 
        "R575_sum", 
        "measures_count", 
        "Use_min", 
        "R565_sum", 
        "R783_sum", 
        "Asset", 
        "R707_sum", 
        "R044_sum", 
        "R446_sum", 
        "Time_min", 
        "R364_sum", 
        "R606_sum"
    ]
}