{
  "type": "Filesystem",
  "managed": true,
  "formatType": "csv",
  "checklists": {
    "checklists": []
  },
  "checks": [],
  "customMeta": {
    "kv": {}
  },
  "flowOptions": {
    "virtualizable": false,
    "rebuildBehavior": "NORMAL",
    "crossProjectBuildBehavior": "DEFAULT"
  },
  "readWriteOptions": {
    "preserveOrder": false,
    "writeBuckets": 1,
    "forceSingleOutputFile": false,
    "defaultReadOrdering": {
      "enabled": false,
      "rules": []
    }
  },
  "formatParams": {
    "style": "unix",
    "charset": "utf8",
    "separator": "\t",
    "quoteChar": "\"",
    "escapeChar": "\\",
    "dateSerializationFormat": "ISO",
    "arrayMapFormat": "json",
    "hiveSeparators": [
      "\u0002",
      "\u0003",
      "\u0004",
      "\u0005",
      "\u0006",
      "\u0007",
      "\b"
    ],
    "skipRowsBeforeHeader": 0,
    "parseHeaderRow": false,
    "skipRowsAfterHeader": 0,
    "probableNumberOfRecords": 0,
    "normalizeBooleans": false,
    "normalizeDoubles": true,
    "readAdditionalColumnsBehavior": "INSERT_IN_DATA_WARNING",
    "readMissingColumnsBehavior": "DISCARD_SILENT",
    "readDataTypeMismatchBehavior": "DISCARD_WARNING",
    "writeDataTypeMismatchBehavior": "DISCARD_WARNING",
    "fileReadFailureBehavior": "FAIL",
    "compress": "gz"
  },
  "partitioning": {
    "ignoreNonMatchingFile": false,
    "considerMissingRequestedPartitionsAsEmpty": false,
    "dimensions": []
  },
  "versionTag": {
    "versionNumber": 4,
    "lastModifiedBy": {
      "login": "admin"
    },
    "lastModifiedOn": 1559386474479
  },
  "creationTag": {
    "versionNumber": 0,
    "lastModifiedBy": {
      "login": "admin"
    },
    "lastModifiedOn": 1559382950832
  },
  "tags": [],
  "params": {
    "connection": "filesystem_managed",
    "path": "/EXAMENBIUMMOULOUEL.extract_100_first_userNb",
    "notReadyIfEmpty": false,
    "filesSelectionRules": {
      "mode": "ALL",
      "excludeRules": [],
      "includeRules": [],
      "explicitFiles": []
    }
  },
  "schema": {
    "columns": [
      {
        "name": "user",
        "type": "bigint"
      },
      {
        "name": "col_1",
        "type": "double"
      },
      {
        "name": "col_2",
        "type": "double"
      },
      {
        "name": "col_3",
        "type": "bigint"
      },
      {
        "name": "col_4",
        "type": "bigint"
      },
      {
        "name": "col_5",
        "type": "double"
      },
      {
        "name": "col_6",
        "type": "bigint"
      },
      {
        "name": "col_7",
        "type": "double"
      },
      {
        "name": "col_8",
        "type": "double"
      },
      {
        "name": "col_9",
        "type": "bigint"
      },
      {
        "name": "col_10",
        "type": "double"
      },
      {
        "name": "col_11",
        "type": "double"
      },
      {
        "name": "col_12",
        "type": "bigint"
      },
      {
        "name": "col_13",
        "type": "double"
      },
      {
        "name": "col_14",
        "type": "double"
      },
      {
        "name": "col_15",
        "type": "double"
      },
      {
        "name": "col_16",
        "type": "double"
      },
      {
        "name": "col_17",
        "type": "double"
      },
      {
        "name": "col_18",
        "type": "double"
      },
      {
        "name": "col_19",
        "type": "double"
      },
      {
        "name": "col_20",
        "type": "double"
      },
      {
        "name": "col_21",
        "type": "double"
      },
      {
        "name": "col_22",
        "type": "double"
      },
      {
        "name": "col_23",
        "type": "double"
      },
      {
        "name": "col_24",
        "type": "double"
      },
      {
        "name": "col_25",
        "type": "double"
      },
      {
        "name": "col_26",
        "type": "double"
      },
      {
        "name": "col_27",
        "type": "double"
      },
      {
        "name": "col_28",
        "type": "double"
      },
      {
        "name": "col_29",
        "type": "double"
      },
      {
        "name": "col_30",
        "type": "bigint"
      },
      {
        "name": "col_31",
        "type": "double"
      },
      {
        "name": "col_32",
        "type": "double"
      },
      {
        "name": "col_33",
        "type": "bigint"
      },
      {
        "name": "col_34",
        "type": "double"
      },
      {
        "name": "col_35",
        "type": "double"
      },
      {
        "name": "col_36",
        "type": "double"
      },
      {
        "name": "col_37",
        "type": "double"
      },
      {
        "name": "col_38",
        "type": "double"
      },
      {
        "name": "col_39",
        "type": "double"
      },
      {
        "name": "col_40",
        "type": "double"
      },
      {
        "name": "col_41",
        "type": "double"
      },
      {
        "name": "col_42",
        "type": "double"
      },
      {
        "name": "col_43",
        "type": "double"
      },
      {
        "name": "col_44",
        "type": "double"
      },
      {
        "name": "col_45",
        "type": "double"
      },
      {
        "name": "col_46",
        "type": "double"
      },
      {
        "name": "col_47",
        "type": "double"
      },
      {
        "name": "col_48",
        "type": "double"
      },
      {
        "name": "col_49",
        "type": "double"
      },
      {
        "name": "col_50",
        "type": "double"
      },
      {
        "name": "col_51",
        "type": "double"
      },
      {
        "name": "col_52",
        "type": "double"
      },
      {
        "name": "col_53",
        "type": "double"
      },
      {
        "name": "col_54",
        "type": "double"
      },
      {
        "name": "col_55",
        "type": "double"
      },
      {
        "name": "col_56",
        "type": "double"
      },
      {
        "name": "col_57",
        "type": "double"
      },
      {
        "name": "col_58",
        "type": "double"
      },
      {
        "name": "col_59",
        "type": "double"
      },
      {
        "name": "col_60",
        "type": "double"
      },
      {
        "name": "col_61",
        "type": "double"
      },
      {
        "name": "col_62",
        "type": "double"
      },
      {
        "name": "col_63",
        "type": "double"
      },
      {
        "name": "col_64",
        "type": "double"
      },
      {
        "name": "col_65",
        "type": "double"
      },
      {
        "name": "col_66",
        "type": "double"
      },
      {
        "name": "col_67",
        "type": "double"
      },
      {
        "name": "col_68",
        "type": "double"
      },
      {
        "name": "col_69",
        "type": "double"
      },
      {
        "name": "col_70",
        "type": "double"
      },
      {
        "name": "col_71",
        "type": "double"
      },
      {
        "name": "col_72",
        "type": "double"
      },
      {
        "name": "col_73",
        "type": "double"
      },
      {
        "name": "col_74",
        "type": "double"
      },
      {
        "name": "col_75",
        "type": "double"
      },
      {
        "name": "col_76",
        "type": "double"
      },
      {
        "name": "col_77",
        "type": "double"
      },
      {
        "name": "col_78",
        "type": "double"
      },
      {
        "name": "col_79",
        "type": "double"
      },
      {
        "name": "col_80",
        "type": "double"
      },
      {
        "name": "col_81",
        "type": "double"
      },
      {
        "name": "col_82",
        "type": "double"
      },
      {
        "name": "col_83",
        "type": "double"
      },
      {
        "name": "col_84",
        "type": "double"
      },
      {
        "name": "col_85",
        "type": "double"
      },
      {
        "name": "col_86",
        "type": "double"
      },
      {
        "name": "col_87",
        "type": "double"
      },
      {
        "name": "col_88",
        "type": "double"
      },
      {
        "name": "col_89",
        "type": "double"
      },
      {
        "name": "col_90",
        "type": "double"
      },
      {
        "name": "col_91",
        "type": "double"
      },
      {
        "name": "col_92",
        "type": "double"
      },
      {
        "name": "col_93",
        "type": "double"
      },
      {
        "name": "col_94",
        "type": "double"
      },
      {
        "name": "col_95",
        "type": "double"
      },
      {
        "name": "col_96",
        "type": "double"
      },
      {
        "name": "col_97",
        "type": "double"
      },
      {
        "name": "col_98",
        "type": "double"
      },
      {
        "name": "col_99",
        "type": "double"
      },
      {
        "name": "col_100",
        "type": "double"
      }
    ],
    "userModified": true
  },
  "metrics": {
    "probes": [
      {
        "type": "basic",
        "enabled": true,
        "computeOnBuildMode": "PARTITION",
        "meta": {
          "name": "Basic data",
          "level": 0
        },
        "configuration": {}
      },
      {
        "type": "records",
        "enabled": true,
        "computeOnBuildMode": "NO",
        "meta": {
          "name": "Record count",
          "level": 0
        },
        "configuration": {}
      }
    ],
    "engineConfig": {
      "padRunsWithMetrics": false,
      "hive": {
        "active": true,
        "extraConf": []
      },
      "basic": {},
      "dss": {
        "active": true,
        "selection": {
          "useMemTable": false,
          "filter": {
            "distinct": false,
            "enabled": false
          },
          "partitionSelectionMethod": "ALL",
          "latestPartitionsN": 1,
          "ordering": {
            "enabled": false,
            "rules": []
          },
          "samplingMethod": "FULL",
          "maxRecords": -1,
          "targetRatio": 0.02,
          "withinFirstN": -1,
          "maxReadUncompressedBytes": -1
        }
      },
      "sql": {
        "active": true
      },
      "impala": {
        "active": true
      },
      "spark": {
        "active": true,
        "extraConf": []
      },
      "python": {}
    },
    "displayedState": {
      "columns": [],
      "metrics": [
        "basic:COUNT_COLUMNS",
        "basic:COUNT_FILES",
        "basic:SIZE",
        "records:COUNT_RECORDS"
      ]
    }
  },
  "metricsChecks": {
    "runOnBuild": false,
    "checks": [],
    "displayedState": {
      "checks": []
    }
  },
  "customFields": {}
}