{
  "params": {
    "ttPolicy": "SPLIT_SINGLE_DATASET",
    "ssdSplitMode": "RANDOM",
    "splitBeforePrepare": true,
    "ssdSelection": {
      "useMemTable": false,
      "filter": {
        "distinct": false,
        "enabled": false
      },
      "partitionSelectionMethod": "ALL",
      "latestPartitionsN": 1,
      "ordering": {
        "enabled": false,
        "rules": []
      },
      "samplingMethod": "HEAD_SEQUENTIAL",
      "maxRecords": 100000,
      "targetRatio": 0.02,
      "withinFirstN": -1,
      "maxReadUncompressedBytes": -1
    },
    "ssdTrainingRatio": 0.8,
    "ssdSeed": 1337,
    "kfold": false,
    "nFolds": 5,
    "instanceIdRefresher": 0,
    "subSamplingSeed": 1337
  },
  "generationDate": 1564753767408,
  "policyId": "type\u003dSPLIT_SINGLE_DATASET,split\u003dRANDOM,splitBeforePrepare\u003dtrue,ds\u003dtrain,sel\u003d(method\u003dhead-s,records\u003d100000),r\u003d0.8,s\u003d1337",
  "instanceId": "dedfec7c18467de0f33070df506ec5b2-0",
  "format": "csv1",
  "schema": {
    "columns": [
      {"name":"Asset","type":"string"},
      {"name":"failure_bin","type":"bigint"},
      {"name":"R417_sum","type":"bigint"},
      {"name":"R707_sum","type":"bigint"},
      {"name":"R193_sum","type":"bigint"},
      {"name":"R565_sum","type":"bigint"},
      {"name":"R783_sum","type":"bigint"},
      {"name":"R364_sum","type":"bigint"},
      {"name":"R446_sum","type":"bigint"},
      {"name":"R119_sum","type":"bigint"},
      {"name":"R044_sum","type":"bigint"},
      {"name":"R575_sum","type":"bigint"},
      {"name":"R606_sum","type":"bigint"},
      {"name":"count","type":"bigint"},
      {"name":"Time_min","type":"bigint"},
      {"name":"Use_min","type":"double"},
      {"name":"distance","type":"double"},
      {"name":"measures_count","type":"bigint"}
    ],
    "userModified": false
  },
  "trainPath": "train-dedfec7c18467de0f33070df506ec5b2-0.csv.gz",
  "testPath": "test-dedfec7c18467de0f33070df506ec5b2-0.csv.gz",
  "trainRows": 1303,
  "testRows": 321,
  "fullRows": 0
}