{
  "inputDatasetSmartName": "logDatailu_prepared_by_visitor_id_scored1",
  "script": {
    "steps": [
      {
        "type": "CreateColumnWithGREL",
        "params": {
          "column": "cluster_final",
          "expression": "if(cluster_labels\u003d\u003d\"engaged Visitors\",cluster_labels,\nif(applications_sum \u003e\u003d 1 || products_sum \u003e\u003d 1 ,\"sales\",\"marketing\"))\n+\nif(user_agent_type_min \u003d\u003d\"browser\", \"- browser\", \"- mobile\")"
        },
        "metaType": "PROCESSOR",
        "preview": true,
        "disabled": false,
        "alwaysShowComment": false
      }
    ],
    "maxProcessedMemTableBytes": -1,
    "columnsSelection": {
      "mode": "ALL"
    },
    "coloring": {
      "scheme": "MEANING_AND_STATUS",
      "individualColumns": [],
      "valueColoringMode": "HASH"
    },
    "sorting": [],
    "analysisColumnData": {},
    "explorationSampling": {
      "selection": {
        "maxStoredBytes": 104857600,
        "filter": {
          "distinct": false,
          "enabled": false
        },
        "partitionSelectionMethod": "ALL",
        "latestPartitionsN": 1,
        "ordering": {
          "enabled": false,
          "rules": []
        },
        "samplingMethod": "HEAD_SEQUENTIAL",
        "maxRecords": 10000,
        "targetRatio": 0.02,
        "withinFirstN": -1,
        "maxReadUncompressedBytes": -1
      },
      "autoRefreshSample": false,
      "_refreshTrigger": 0
    },
    "vizSampling": {
      "autoRefreshSample": false,
      "_refreshTrigger": 0
    },
    "exploreUIParams": {
      "autoRefresh": true
    },
    "globalSearchQuery": "",
    "explorationFilters": [],
    "previewMode": "ALL_ROWS"
  },
  "charts": [],
  "name": "Analyze logDatailu_prepared_by_visitor_id_scored",
  "versionTag": {
    "versionNumber": 1,
    "lastModifiedBy": {
      "login": "smoulouel"
    },
    "lastModifiedOn": 1563873810406
  },
  "creationTag": {
    "versionNumber": 0,
    "lastModifiedBy": {
      "login": "smoulouel"
    },
    "lastModifiedOn": 1563873781115
  },
  "tags": [],
  "customFields": {},
  "checklists": {
    "checklists": []
  }
}