{
  "type": "chart",
  "params": {
    "datasetSmartName": "accidents_2013_prepared_prepared_prepared",
    "engineType": "LINO",
    "refreshableSelection": {
      "selection": {
        "useMemTable": false,
        "filter": {
          "distinct": false,
          "enabled": false
        },
        "partitionSelectionMethod": "ALL",
        "latestPartitionsN": 1,
        "ordering": {
          "enabled": false,
          "rules": []
        },
        "samplingMethod": "HEAD_SEQUENTIAL",
        "maxRecords": 10000,
        "targetRatio": 0.02,
        "withinFirstN": -1,
        "maxReadUncompressedBytes": -1
      },
      "autoRefreshSample": false,
      "_refreshTrigger": 0
    },
    "def": {
      "type": "grouped_columns",
      "variant": "normal",
      "name": "Chart",
      "userEditedName": false,
      "xDimension": [],
      "yDimension": [],
      "uaXDimension": [],
      "uaYDimension": [],
      "uaSize": [],
      "uaShape": [],
      "uaColor": [],
      "uaTooltip": [],
      "groupDimension": [],
      "xMeasure": [],
      "yMeasure": [],
      "colorMeasure": [],
      "sizeMeasure": [],
      "geometry": [],
      "tooltipMeasures": [],
      "boxplotBreakdownDim": [],
      "boxplotValue": [],
      "axis1LogScale": false,
      "axis2LogScale": false,
      "includeZero": true,
      "smoothing": false,
      "showLegend": true,
      "showXAxis": false,
      "showInChartValues": false,
      "showInChartLabels": false,
      "strokeWidth": 1,
      "fillOpacity": 0.5,
      "showXAxisLabel": false,
      "showYAxisLabel": false,
      "hexbinRadius": 0,
      "hexbinNumber": 0,
      "chartHeight": 0,
      "singleXAxis": false,
      "multiTooltips": false,
      "animationFrameDuration": 0,
      "animationRepeat": true,
      "colorOptions": {
        "singleColor": "#659a88",
        "transparency": 0.75,
        "colorPalette": "default",
        "ccScaleMode": "NORMAL",
        "customPalette": {
          "id": "__dku_custom__",
          "name": "Custom palette",
          "colors": [],
          "values": [],
          "fixedValues": false
        },
        "paletteType": "CONTINUOUS",
        "numQuantizeSteps": 5,
        "paletteMiddleValue": 0.0
      },
      "bubblesOptions": {
        "defaultRadius": 5.0
      },
      "computeMode": "NORMAL",
      "xAxisMode": "NORMAL",
      "yAxisMode": "NORMAL",
      "pieOptions": {
        "donutHoleSize": 50.0
      },
      "scatterOptions": {
        "equalScales": false,
        "identityLine": false
      },
      "mapOptions": {
        "tilesLayer": "cartodb-positron",
        "lockSquareGrid": false
      },
      "mapGridOptions": {
        "gridLonDeg": 0.6,
        "gridLatDeg": 0.6
      },
      "disableSafetyLimits": false,
      "useLiveProcessingIfAvailable": true,
      "legendPlacement": "OUTER_RIGHT"
    },
    "maxDataBytes": 0
  },
  "owner": "smoulouel",
  "listed": false,
  "name": "Chart on accidents_2013_prepared_prepared_prepared",
  "dashboardCreationId": "Bmkeb60",
  "versionTag": {
    "versionNumber": 0,
    "lastModifiedBy": {
      "login": "smoulouel"
    },
    "lastModifiedOn": 1563898526830
  },
  "creationTag": {
    "versionNumber": 0,
    "lastModifiedBy": {
      "login": "smoulouel"
    },
    "lastModifiedOn": 1563898526830
  },
  "tags": [],
  "customFields": {},
  "checklists": {
    "checklists": []
  }
}