{
  "type": "web_app",
  "params": {
    "webAppSmartId": "LlMwPSF",
    "webAppType": "STANDARD",
    "apiKey": "f4kl8o8YJ39blrdZDGMdb98rN6KtbBJg"
  },
  "owner": "smoulouel",
  "listed": false,
  "name": "test",
  "dashboardCreationId": "Bmkeb60",
  "versionTag": {
    "versionNumber": 0,
    "lastModifiedBy": {
      "login": "smoulouel"
    },
    "lastModifiedOn": 1564653293696
  },
  "creationTag": {
    "versionNumber": 0,
    "lastModifiedBy": {
      "login": "smoulouel"
    },
    "lastModifiedOn": 1564653293696
  },
  "tags": [],
  "customFields": {},
  "checklists": {
    "checklists": []
  }
}