{
    "per_feature": {
        "count": {
            "stats": {
                "std": 5.905099102021333, 
                "p99": 33.0, 
                "min": 1.0, 
                "max": 56.0, 
                "average": 4.265722615576843, 
                "median": 2.0
            }, 
            "missing_impute_with_value": 4.265722615576843
        }, 
        "applications_sum": {
            "stats": {
                "std": 2.5949428095189426, 
                "p99": 12.379999999999995, 
                "min": 1.0, 
                "max": 16.0, 
                "average": 2.635879218472469, 
                "median": 1.0
            }, 
            "missing_impute_with_value": 2.635879218472469
        }, 
        "data-science_sum": {
            "stats": {
                "std": 0.0, 
                "p99": 1.0, 
                "min": 1.0, 
                "max": 1.0, 
                "average": 1.0, 
                "median": 1.0
            }, 
            "missing_impute_with_value": 0.0
        }, 
        "session_id_distinct": {
            "stats": {
                "std": 2.087933142208035, 
                "p99": 9.0, 
                "min": 1.0, 
                "max": 56.0, 
                "average": 1.5560183256976259, 
                "median": 1.0
            }, 
            "missing_impute_with_value": 1.5560183256976259
        }, 
        "server_ts_max": {
            "stats": {}
        }, 
        "company_sum": {
            "stats": {
                "std": 1.7612876824847654, 
                "p99": 9.0, 
                "min": 1.0, 
                "max": 20.0, 
                "average": 2.0785185185185187, 
                "median": 2.0
            }, 
            "missing_impute_with_value": 2.0785185185185187
        }, 
        "ip_adress_country_min": {
            "stats": {
                "mostFrequentValue": "France", 
                "leastFrequentValue": "Tanzania"
            }, 
            "category_possible_counts": [
                1228, 
                422, 
                108, 
                104, 
                43, 
                38, 
                36, 
                33, 
                28, 
                26, 
                23, 
                22, 
                20, 
                20, 
                17, 
                11, 
                10, 
                10, 
                9, 
                9, 
                8, 
                7, 
                6, 
                6, 
                6, 
                6, 
                6, 
                6, 
                5, 
                5, 
                5, 
                4, 
                4, 
                4, 
                3, 
                3, 
                3, 
                3, 
                3, 
                3, 
                3, 
                3, 
                3, 
                3, 
                3, 
                3, 
                3, 
                3, 
                3, 
                3, 
                2, 
                2, 
                2, 
                2, 
                1, 
                1, 
                1, 
                1, 
                1, 
                1, 
                1, 
                1, 
                1, 
                1, 
                1, 
                1, 
                1, 
                1, 
                1, 
                1, 
                1, 
                1, 
                1, 
                1, 
                1, 
                1, 
                1, 
                1, 
                1, 
                1, 
                1, 
                1, 
                1, 
                1, 
                1, 
                1
            ], 
            "category_possible_values": [
                "France", 
                "United States", 
                "United Kingdom", 
                "India", 
                "Canada", 
                "Germany", 
                "Brazil", 
                "Spain", 
                "Australia", 
                "China", 
                "Ireland", 
                "Russia", 
                "Switzerland", 
                "Japan", 
                "Netherlands", 
                "Italy", 
                "Singapore", 
                "Finland", 
                "Denmark", 
                "Israel", 
                "Turkey", 
                "Belgium", 
                "Malaysia", 
                "South Africa", 
                "Poland", 
                "Mexico", 
                "Hong Kong", 
                "Norway", 
                "Sweden", 
                "Iran", 
                "South Korea", 
                "Thailand", 
                "Greece", 
                "Morocco", 
                "Colombia", 
                "Hungary", 
                "Taiwan", 
                "Tunisia", 
                "Austria", 
                "Indonesia", 
                "Romania", 
                "Slovakia", 
                "Czechia", 
                "Algeria", 
                "Guadeloupe", 
                "Vietnam", 
                "Argentina", 
                "Philippines", 
                "Luxembourg", 
                "New Zealand", 
                "Serbia", 
                "Saudi Arabia", 
                "French Guiana", 
                "Ukraine", 
                "Trinidad and Tobago", 
                "Croatia", 
                "Sri Lanka", 
                "Kuwait", 
                "Madagascar", 
                "Senegal", 
                "Aruba", 
                "Uganda", 
                "Bolivia", 
                "Cameroon", 
                "Ecuador", 
                "Zimbabwe", 
                "Nepal", 
                "Mauritius", 
                "Egypt", 
                "Republic of Lithuania", 
                "Pakistan", 
                "Peru", 
                "Slovenia", 
                "Bosnia and Herzegovina", 
                "Chile", 
                "Puerto Rico", 
                "Bulgaria", 
                "Malta", 
                "Iraq", 
                "Bangladesh", 
                "Portugal", 
                "Qatar", 
                "Kenya", 
                "Ivory Coast", 
                "Estonia", 
                "Tanzania"
            ]
        }, 
        "visitor_id": {
            "stats": {}
        }, 
        "blog_sum": {
            "stats": {
                "std": 3.075562502106071, 
                "p99": 10.039999999999964, 
                "min": 1.0, 
                "max": 56.0, 
                "average": 1.935483870967742, 
                "median": 1.0
            }, 
            "missing_impute_with_value": 1.935483870967742
        }, 
        "products_sum": {
            "stats": {
                "std": 3.9414288955157075, 
                "p99": 21.0, 
                "min": 1.0, 
                "max": 29.0, 
                "average": 3.5663983903420524, 
                "median": 2.0
            }, 
            "missing_impute_with_value": 3.5663983903420524
        }, 
        "ip_adress_min": {
            "stats": {}
        }, 
        "server_ts_min": {
            "stats": {}
        }, 
        "home_sum": {
            "stats": {
                "std": 1.7124635812686393, 
                "p99": 7.0, 
                "min": 1.0, 
                "max": 27.0, 
                "average": 1.5417910447761194, 
                "median": 1.0
            }, 
            "missing_impute_with_value": 1.5417910447761194
        }, 
        "user_agent_type_min": {
            "stats": {
                "mostFrequentValue": "browser", 
                "leastFrequentValue": "unknown"
            }, 
            "category_possible_counts": [
                2136, 
                134, 
                115, 
                10, 
                6
            ], 
            "category_possible_values": [
                "browser", 
                "phone", 
                "tablet", 
                "bot", 
                "unknown"
            ]
        }, 
        "url_distinct": {
            "stats": {
                "std": 3.048187033290658, 
                "p99": 15.0, 
                "min": 1.0, 
                "max": 21.0, 
                "average": 2.9675135360266554, 
                "median": 2.0
            }, 
            "missing_impute_with_value": 2.9675135360266554
        }
    }, 
    "feature_order": [
        "count", 
        "applications_sum", 
        "ip_adress_min", 
        "data-science_sum", 
        "session_id_distinct", 
        "server_ts_max", 
        "company_sum", 
        "ip_adress_country_min", 
        "visitor_id", 
        "products_sum", 
        "blog_sum", 
        "server_ts_min", 
        "home_sum", 
        "user_agent_type_min", 
        "url_distinct"
    ]
}