{
    "details": {
        "ip_adress_country_min": {
            "levels": [
                "France", 
                "United States", 
                "United Kingdom", 
                "India", 
                "Canada", 
                "Germany", 
                "Brazil", 
                "Spain", 
                "Australia", 
                "China", 
                "Ireland", 
                "Russia", 
                "Switzerland", 
                "Japan", 
                "Netherlands", 
                "Italy", 
                "Singapore", 
                "Finland", 
                "Denmark", 
                "Israel", 
                "Turkey", 
                "Belgium", 
                "Malaysia", 
                "South Africa", 
                "Poland", 
                "Mexico", 
                "Hong Kong", 
                "Norway", 
                "Sweden", 
                "Iran", 
                "South Korea", 
                "Thailand", 
                "Greece", 
                "Morocco", 
                "Colombia", 
                "Hungary", 
                "Taiwan", 
                "Tunisia", 
                "Austria", 
                "Indonesia", 
                "Romania", 
                "Slovakia", 
                "Czechia", 
                "Algeria", 
                "Guadeloupe", 
                "Vietnam", 
                "Argentina", 
                "Philippines", 
                "Luxembourg", 
                "New Zealand", 
                "Serbia", 
                "Saudi Arabia", 
                "French Guiana", 
                "Ukraine", 
                "Trinidad and Tobago", 
                "Croatia", 
                "Sri Lanka", 
                "Kuwait", 
                "Madagascar", 
                "Senegal", 
                "Aruba", 
                "Uganda", 
                "Bolivia", 
                "Cameroon", 
                "Ecuador", 
                "Zimbabwe", 
                "Nepal", 
                "Mauritius", 
                "Egypt", 
                "Republic of Lithuania", 
                "Pakistan", 
                "Peru", 
                "Slovenia", 
                "Bosnia and Herzegovina", 
                "Chile", 
                "Puerto Rico", 
                "Bulgaria", 
                "Malta", 
                "Iraq", 
                "Bangladesh", 
                "Portugal", 
                "Qatar", 
                "Kenya", 
                "Ivory Coast", 
                "Estonia", 
                "Tanzania"
            ], 
            "with_others": true
        }, 
        "user_agent_type_min": {
            "levels": [
                "browser", 
                "phone", 
                "tablet", 
                "bot", 
                "unknown"
            ], 
            "with_others": true
        }
    }
}