[
    {
        "parameters": {
            "max_features": "auto", 
            "min_samples_split": 3, 
            "n_estimators": 100, 
            "max_depth": 14, 
            "min_samples_leaf": 1
        }, 
        "score_time": 751, 
        "test_score": 0.8291532443626324, 
        "fit_time": 2741, 
        "num_samples": 434, 
        "best_iteration": null, 
        "train_score": 0.9997846127336951, 
        "parameter_id": 1, 
        "time": 3492, 
        "done_at": 1564753778078, 
        "grid_point_id": "{\"max_features\": \"auto\", \"min_samples_split\": 3, \"n_estimators\": 100, \"max_depth\": 14, \"min_samples_leaf\": 1}@2"
    }, 
    {
        "parameters": {
            "max_features": "auto", 
            "min_samples_split": 3, 
            "n_estimators": 100, 
            "max_depth": 6, 
            "min_samples_leaf": 1
        }, 
        "score_time": 1124, 
        "test_score": 0.8064173883122097, 
        "fit_time": 2321, 
        "num_samples": 435, 
        "best_iteration": null, 
        "train_score": 0.9591218936953521, 
        "parameter_id": 0, 
        "time": 3445, 
        "done_at": 1564753778494, 
        "grid_point_id": "{\"max_features\": \"auto\", \"min_samples_split\": 3, \"n_estimators\": 100, \"max_depth\": 6, \"min_samples_leaf\": 1}@0"
    }, 
    {
        "parameters": {
            "max_features": "auto", 
            "min_samples_split": 3, 
            "n_estimators": 100, 
            "max_depth": 14, 
            "min_samples_leaf": 1
        }, 
        "score_time": 1787, 
        "test_score": 0.811105039116429, 
        "fit_time": 2845, 
        "num_samples": 434, 
        "best_iteration": null, 
        "train_score": 0.9998923063668476, 
        "parameter_id": 1, 
        "time": 4632, 
        "done_at": 1564753779207, 
        "grid_point_id": "{\"max_features\": \"auto\", \"min_samples_split\": 3, \"n_estimators\": 100, \"max_depth\": 14, \"min_samples_leaf\": 1}@1"
    }, 
    {
        "parameters": {
            "max_features": "auto", 
            "min_samples_split": 3, 
            "n_estimators": 100, 
            "max_depth": 14, 
            "min_samples_leaf": 1
        }, 
        "score_time": 2073, 
        "test_score": 0.8028330561449791, 
        "fit_time": 2945, 
        "num_samples": 435, 
        "best_iteration": null, 
        "train_score": 0.9998633801196501, 
        "parameter_id": 1, 
        "time": 5018, 
        "done_at": 1564753779587, 
        "grid_point_id": "{\"max_features\": \"auto\", \"min_samples_split\": 3, \"n_estimators\": 100, \"max_depth\": 14, \"min_samples_leaf\": 1}@0"
    }, 
    {
        "parameters": {
            "max_features": "auto", 
            "min_samples_split": 3, 
            "n_estimators": 100, 
            "max_depth": 6, 
            "min_samples_leaf": 1
        }, 
        "score_time": 327, 
        "test_score": 0.8101415094339622, 
        "fit_time": 1439, 
        "num_samples": 434, 
        "best_iteration": null, 
        "train_score": 0.954452772752075, 
        "parameter_id": 0, 
        "time": 1766, 
        "done_at": 1564753780326, 
        "grid_point_id": "{\"max_features\": \"auto\", \"min_samples_split\": 3, \"n_estimators\": 100, \"max_depth\": 6, \"min_samples_leaf\": 1}@2"
    }, 
    {
        "parameters": {
            "max_features": "auto", 
            "min_samples_split": 3, 
            "n_estimators": 100, 
            "max_depth": 6, 
            "min_samples_leaf": 1
        }, 
        "score_time": 375, 
        "test_score": 0.7977162908421538, 
        "fit_time": 1810, 
        "num_samples": 434, 
        "best_iteration": null, 
        "train_score": 0.9535050687803337, 
        "parameter_id": 0, 
        "time": 2185, 
        "done_at": 1564753780286, 
        "grid_point_id": "{\"max_features\": \"auto\", \"min_samples_split\": 3, \"n_estimators\": 100, \"max_depth\": 6, \"min_samples_leaf\": 1}@1"
    }
]