{
    "gridSize": 2, 
    "nThreads": 4, 
    "metric": "ROC_AUC", 
    "gridPoints": [
        {
            "index": 0, 
            "finishedAt": 1564753780326.0, 
            "score": 0.8047596694057142, 
            "parameters": {
                "max_features": "auto", 
                "min_samples_split": 3, 
                "n_estimators": 100, 
                "max_depth": 6, 
                "min_samples_leaf": 1
            }, 
            "time": 7396.0
        }, 
        {
            "index": 1, 
            "finishedAt": 1564753779587.0, 
            "score": 0.814375130192783, 
            "parameters": {
                "max_features": "auto", 
                "min_samples_split": 3, 
                "n_estimators": 100, 
                "max_depth": 14, 
                "min_samples_leaf": 1
            }, 
            "time": 13142.0
        }
    ], 
    "startedAt": 1564753774559, 
    "nSplits": 3
}