{
    "usedGridSearch": true, 
    "probaAware": true, 
    "gridSize": 2, 
    "rawImportance": {
        "variables": [
            "R044_sum", 
            "R119_sum", 
            "R193_sum", 
            "R364_sum", 
            "R417_sum", 
            "R446_sum", 
            "R565_sum", 
            "R575_sum", 
            "R606_sum", 
            "R707_sum", 
            "R783_sum", 
            "Time_min", 
            "Use_min", 
            "count", 
            "distance", 
            "measures_count"
        ], 
        "importances": [
            0.016857777846909325, 
            0.015578595102680264, 
            0.1690603227914253, 
            0.03989480898159998, 
            0.03425711272821554, 
            0.07426732039331561, 
            0.06064036654244089, 
            0.0082160908697517, 
            0.006588360831444522, 
            0.08361338715448476, 
            0.030365672866384537, 
            0.09971830339111229, 
            0.1066625353295566, 
            0.07457907022580659, 
            0.12923898466603467, 
            0.05046129027883746
        ]
    }, 
    "modelInputNRows": 1303, 
    "modelInputNCols": 16, 
    "modelInputMemory": 166784, 
    "gridCells": [
        {
            "scoreTimeStd": 0.5679178344326463, 
            "scoreTime": 1.537, 
            "fitTime": 2.843666666666667, 
            "score": 0.8143549305088094, 
            "params": {
                "max_features": "auto", 
                "min_samples_split": 3, 
                "n_estimators": 100, 
                "max_depth": 14, 
                "min_samples_leaf": 1
            }, 
            "fitTimeStd": 0.08328798766262077, 
            "scoreStd": 0.010989890355403115
        }, 
        {
            "scoreTimeStd": 0.36492221393363033, 
            "scoreTime": 0.6086666666666667, 
            "fitTime": 1.8566666666666667, 
            "score": 0.8047596694057142, 
            "params": {
                "max_features": "auto", 
                "min_samples_split": 3, 
                "n_estimators": 100, 
                "max_depth": 6, 
                "min_samples_leaf": 1
            }, 
            "fitTimeStd": 0.36158386148843663, 
            "scoreStd": 0.005204655984588447
        }
    ], 
    "gridBestScore": 0.8143549305088094, 
    "modelInputIsSparse": false
}