{
  "state": "DONE",
  "preSearchDescription": {
    "gridLength": 2,
    "importantParams": [
      {
        "name": "trees",
        "vals": [
          "100"
        ]
      },
      {
        "name": "depth",
        "vals": [
          "6",
          "14"
        ]
      },
      {
        "name": "min_samples",
        "vals": [
          "1"
        ]
      }
    ]
  },
  "postSearchDescription": {
    "importantParams": [
      {
        "name": "trees",
        "val": "100"
      },
      {
        "name": "depth",
        "val": "14"
      },
      {
        "name": "min_samples",
        "val": "1"
      }
    ]
  },
  "sampleWeightsEnabled": false,
  "modelId": "m1",
  "progress": {
    "top_level_todo": [],
    "stack": [],
    "top_level_done": [
      {
        "name": "Loading train set",
        "time": 36
      },
      {
        "name": "Loading test set",
        "time": 15
      },
      {
        "name": "Collecting statistics",
        "time": 36
      },
      {
        "name": "Preprocessing train set",
        "time": 122
      },
      {
        "name": "Preprocessing test set",
        "time": 50
      },
      {
        "name": "Grid searching",
        "time": 6273
      },
      {
        "name": "Fitting model",
        "time": 629
      },
      {
        "name": "Saving model",
        "time": 84
      },
      {
        "name": "Scoring model",
        "time": 1305
      }
    ]
  },
  "startTime": 1564753774289,
  "endTime": 1564753782844,
  "preprocessingTime": 263,
  "trainingTime": 8292
}