{"clusters": [{"facts": [{"std": 442.54083822564354, "global_mean": 268.376764317431, "feature_label": "Member_3_avg", "global_std": 344.87106693382435, "cluster_label": "cluster_0", "diff": 0.7213667332824204, "type": "numerical", "mean": 517.1552792751069}, {"std": 8139.962631558639, "global_mean": 4941.471749672269, "feature_label": "Member_5_avg", "global_std": 6381.616463036494, "cluster_label": "cluster_0", "diff": 0.6560652300436342, "type": "numerical", "mean": 9128.22842254455}, {"std": 37434.91106914848, "global_mean": 14842.667059888356, "feature_label": "Casual_2_avg", "global_std": 28285.578378415026, "cluster_label": "cluster_0", "diff": 0.5968057478200527, "type": "numerical", "mean": 31723.66281654105}], "cluster": "cluster_0", "size": 59}, {"facts": [{"std": 150.9238298576149, "global_mean": 268.376764317431, "feature_label": "Member_3_avg", "global_std": 344.87106693382435, "cluster_label": "cluster_1", "diff": -0.3979891506977087, "type": "numerical", "mean": 131.12182128822562}, {"std": 3491.274060468618, "global_mean": 4941.471749672269, "feature_label": "Member_5_avg", "global_std": 6381.616463036494, "cluster_label": "cluster_1", "diff": -0.353651181688378, "type": "numerical", "mean": 2684.6055464374053}, {"std": 14468.507821478974, "global_mean": 14842.667059888356, "feature_label": "Casual_2_avg", "global_std": 28285.578378415026, "cluster_label": "cluster_1", "diff": -0.33911249314450576, "type": "numerical", "mean": 5250.674055949711}], "cluster": "cluster_1", "size": 102}, {"facts": [{"std": null, "global_mean": 23464.429895482703, "feature_label": "Casual_6_avg", "global_std": 130500.83149734676, "cluster_label": "cluster_2", "diff": 12.272038564012863, "type": "numerical", "mean": 1624975.6666666667}, {"std": null, "global_mean": 11125.036585365853, "feature_label": "count", "global_std": 9944.58268710855, "cluster_label": "cluster_2", "diff": -1.0961783845889463, "type": "numerical", "mean": 224.0}, {"std": null, "global_mean": 268.376764317431, "feature_label": "Member_3_avg", "global_std": 344.87106693382435, "cluster_label": "cluster_2", "diff": -0.721483338151095, "type": "numerical", "mean": 19.558035714285715}], "cluster": "cluster_2", "size": 1}, {"facts": [{"std": null, "global_mean": 32612.758924502425, "feature_label": "Casual_5_avg", "global_std": 214477.7874678129, "cluster_label": "cluster_outliers", "diff": 12.323515046853773, "type": "numerical", "mean": 2675733.0}, {"std": 135852.9648737871, "global_mean": 7949.46590375891, "feature_label": "Member_1_avg", "global_std": 16368.499782267027, "cluster_label": "cluster_outliers", "diff": 5.440097860734723, "type": "numerical", "mean": 96995.70655270656}, {"std": 61592.92996058236, "global_mean": 7099.288465407812, "feature_label": "Member_6_avg", "global_std": 11253.593006671777, "cluster_label": "cluster_outliers", "diff": 3.3006471764925975, "type": "numerical", "mean": 44243.42844827586}], "cluster": "cluster_outliers", "size": 2}], "global": {"facts": [{"std": null, "global_mean": 32612.758924502425, "feature_label": "Casual_5_avg", "global_std": 214477.7874678129, "cluster_label": "cluster_outliers", "diff": 12.323515046853773, "type": "numerical", "mean": 2675733.0}, {"std": null, "global_mean": 23464.429895482703, "feature_label": "Casual_6_avg", "global_std": 130500.83149734676, "cluster_label": "cluster_2", "diff": 12.272038564012863, "type": "numerical", "mean": 1624975.6666666667}, {"std": 135852.9648737871, "global_mean": 7949.46590375891, "feature_label": "Member_1_avg", "global_std": 16368.499782267027, "cluster_label": "cluster_outliers", "diff": 5.440097860734723, "type": "numerical", "mean": 96995.70655270656}, {"std": 61592.92996058236, "global_mean": 7099.288465407812, "feature_label": "Member_6_avg", "global_std": 11253.593006671777, "cluster_label": "cluster_outliers", "diff": 3.3006471764925975, "type": "numerical", "mean": 44243.42844827586}, {"std": null, "global_mean": 11125.036585365853, "feature_label": "count", "global_std": 9944.58268710855, "cluster_label": "cluster_2", "diff": -1.0961783845889463, "type": "numerical", "mean": 224.0}, {"std": 179.60512242138307, "global_mean": 11125.036585365853, "feature_label": "count", "global_std": 9944.58268710855, "cluster_label": "cluster_outliers", "diff": -1.066111763453843, "type": "numerical", "mean": 523.0}, {"std": null, "global_mean": 268.376764317431, "feature_label": "Member_3_avg", "global_std": 344.87106693382435, "cluster_label": "cluster_2", "diff": -0.721483338151095, "type": "numerical", "mean": 19.558035714285715}, {"std": 442.54083822564354, "global_mean": 268.376764317431, "feature_label": "Member_3_avg", "global_std": 344.87106693382435, "cluster_label": "cluster_0", "diff": 0.7213667332824204, "type": "numerical", "mean": 517.1552792751069}, {"std": null, "global_mean": 4941.471749672269, "feature_label": "Member_5_avg", "global_std": 6381.616463036494, "cluster_label": "cluster_2", "diff": -0.712824372323338, "type": "numerical", "mean": 392.5}, {"std": 8139.962631558639, "global_mean": 4941.471749672269, "feature_label": "Member_5_avg", "global_std": 6381.616463036494, "cluster_label": "cluster_0", "diff": 0.6560652300436342, "type": "numerical", "mean": 9128.22842254455}], "size": 164}}