{
    "metrics": {
        "nbClusters": 3, 
        "silhouette": 0.20911020547778536, 
        "inertia": 1576.386162293566
    }, 
    "reduce_vars": [], 
    "train_nb_features": 14, 
    "train_nb_records": 162, 
    "summary": {
        "clusters": []
    }, 
    "variables_importance": {
        "variables": [
            "Casual_1_avg", 
            "Casual_2_avg", 
            "Casual_3_avg", 
            "Casual_4_avg", 
            "Casual_5_avg", 
            "Casual_6_avg", 
            "Casual_7_avg", 
            "Member_1_avg", 
            "Member_2_avg", 
            "Member_3_avg", 
            "Member_4_avg", 
            "Member_5_avg", 
            "Member_6_avg", 
            "Member_7_avg"
        ], 
        "importances": [
            0.05142701903434503, 
            0.1404400355143676, 
            0.06462569021319195, 
            0.020230563707793206, 
            0.027265048767843615, 
            0.024945652365570357, 
            0.08150737476375536, 
            0.06434610102863565, 
            0.03510382157214473, 
            0.19538452144551566, 
            0.06282224217160032, 
            0.1068644105342873, 
            0.08922807364107689, 
            0.03580944523987243
        ]
    }, 
    "processed_feature_names": [
        "Casual_1_avg", 
        "Casual_2_avg", 
        "Casual_3_avg", 
        "Casual_4_avg", 
        "Casual_5_avg", 
        "Casual_6_avg", 
        "Casual_7_avg", 
        "Member_1_avg", 
        "Member_2_avg", 
        "Member_3_avg", 
        "Member_4_avg", 
        "Member_5_avg", 
        "Member_6_avg", 
        "Member_7_avg"
    ], 
    "train_nb_outliers": 2, 
    "cluster_description": [
        {
            "variable": "Casual_5_avg", 
            "var": 1773906022715.28, 
            "values": [
                {
                    "cluster": "cluster_0", 
                    "value": 17043.039580567776
                }, 
                {
                    "cluster": "cluster_1", 
                    "value": 15170.205259047338
                }, 
                {
                    "cluster": "cluster_2", 
                    "value": 3779.3333333333335
                }, 
                {
                    "cluster": "cluster_outliers", 
                    "value": 2675733.0
                }
            ]
        }, 
        {
            "variable": "B00001_001E", 
            "var": 650.74, 
            "values": [
                {
                    "cluster": "cluster_0", 
                    "value": 125.94915254237289
                }, 
                {
                    "cluster": "cluster_1", 
                    "value": 111.66666666666667
                }, 
                {
                    "cluster": "cluster_2", 
                    "value": 115.0
                }, 
                {
                    "cluster": "cluster_outliers", 
                    "value": 68.0
                }
            ]
        }, 
        {
            "variable": "Casual_2_avg", 
            "var": 220521664.24, 
            "values": [
                {
                    "cluster": "cluster_0", 
                    "value": 31723.66281654105
                }, 
                {
                    "cluster": "cluster_1", 
                    "value": 5250.674055949711
                }, 
                {
                    "cluster": "cluster_2", 
                    "value": 316.0
                }, 
                {
                    "cluster": "cluster_outliers", 
                    "value": 1413.2857142857142
                }
            ]
        }, 
        {
            "variable": "Member_7_avg", 
            "var": 43137.16, 
            "values": [
                {
                    "cluster": "cluster_0", 
                    "value": 459.224140794558
                }, 
                {
                    "cluster": "cluster_1", 
                    "value": 301.49588638252
                }, 
                {
                    "cluster": "cluster_2", 
                    "value": 22.339285714285715
                }, 
                {
                    "cluster": "cluster_outliers", 
                    "value": 56.016328671328665
                }
            ]
        }, 
        {
            "variable": "Member_4_avg", 
            "var": 45530718.62, 
            "values": [
                {
                    "cluster": "cluster_0", 
                    "value": 14950.683059220788
                }, 
                {
                    "cluster": "cluster_1", 
                    "value": 5431.182382941099
                }, 
                {
                    "cluster": "cluster_2", 
                    "value": 372.06666666666666
                }, 
                {
                    "cluster": "cluster_outliers", 
                    "value": 917.0564516129032
                }
            ]
        }, 
        {
            "variable": "Casual_7_avg", 
            "var": 19039.65, 
            "values": [
                {
                    "cluster": "cluster_0", 
                    "value": 329.5462966277584
                }, 
                {
                    "cluster": "cluster_1", 
                    "value": 128.40164635894288
                }, 
                {
                    "cluster": "cluster_2", 
                    "value": 45.125
                }, 
                {
                    "cluster": "cluster_outliers", 
                    "value": 29.340073815073815
                }
            ]
        }, 
        {
            "variable": "Casual_3_avg", 
            "var": 18007.71, 
            "values": [
                {
                    "cluster": "cluster_0", 
                    "value": 299.9594965877536
                }, 
                {
                    "cluster": "cluster_1", 
                    "value": 84.41318840669616
                }, 
                {
                    "cluster": "cluster_2", 
                    "value": 5.736607142857143
                }, 
                {
                    "cluster": "cluster_outliers", 
                    "value": 29.257128982128982
                }
            ]
        }, 
        {
            "variable": "Casual_6_avg", 
            "var": 651755994878.42, 
            "values": [
                {
                    "cluster": "cluster_0", 
                    "value": 18039.80323005854
                }, 
                {
                    "cluster": "cluster_1", 
                    "value": 10629.384908689377
                }, 
                {
                    "cluster": "cluster_2", 
                    "value": 1624975.6666666667
                }, 
                {
                    "cluster": "cluster_outliers", 
                    "value": 2522.666666666667
                }
            ]
        }, 
        {
            "variable": "Member_6_avg", 
            "var": 401844496.36, 
            "values": [
                {
                    "cluster": "cluster_0", 
                    "value": 10243.377773894455
                }, 
                {
                    "cluster": "cluster_1", 
                    "value": 4620.33125265251
                }, 
                {
                    "cluster": "cluster_2", 
                    "value": 163.375
                }, 
                {
                    "cluster": "cluster_outliers", 
                    "value": 44243.42844827586
                }
            ]
        }, 
        {
            "variable": "Casual_4_avg", 
            "var": 344486060.39, 
            "values": [
                {
                    "cluster": "cluster_0", 
                    "value": 34426.13171205704
                }, 
                {
                    "cluster": "cluster_1", 
                    "value": 33245.60791977675
                }, 
                {
                    "cluster": "cluster_2", 
                    "value": 1126.0
                }, 
                {
                    "cluster": "cluster_outliers", 
                    "value": 2293.75
                }
            ]
        }, 
        {
            "variable": "Member_2_avg", 
            "var": 9937747.94, 
            "values": [
                {
                    "cluster": "cluster_0", 
                    "value": 7343.712400274549
                }, 
                {
                    "cluster": "cluster_1", 
                    "value": 3854.2489958939614
                }, 
                {
                    "cluster": "cluster_2", 
                    "value": 436.0
                }, 
                {
                    "cluster": "cluster_outliers", 
                    "value": 1060.3869047619048
                }
            ]
        }, 
        {
            "variable": "Member_5_avg", 
            "var": 16185789.16, 
            "values": [
                {
                    "cluster": "cluster_0", 
                    "value": 9128.22842254455
                }, 
                {
                    "cluster": "cluster_1", 
                    "value": 2684.6055464374053
                }, 
                {
                    "cluster": "cluster_2", 
                    "value": 392.5
                }, 
                {
                    "cluster": "cluster_outliers", 
                    "value": 900.1904761904763
                }
            ]
        }, 
        {
            "variable": "Casual_1_avg", 
            "var": 444794498.57, 
            "values": [
                {
                    "cluster": "cluster_0", 
                    "value": 44354.25217651093
                }, 
                {
                    "cluster": "cluster_1", 
                    "value": 18597.111778133873
                }, 
                {
                    "cluster": "cluster_outliers", 
                    "value": 2548.0
                }
            ]
        }, 
        {
            "variable": "count", 
            "var": 51251008.21, 
            "values": [
                {
                    "cluster": "cluster_0", 
                    "value": 14956.35593220339
                }, 
                {
                    "cluster": "cluster_1", 
                    "value": 9223.637254901962
                }, 
                {
                    "cluster": "cluster_2", 
                    "value": 224.0
                }, 
                {
                    "cluster": "cluster_outliers", 
                    "value": 523.0
                }
            ]
        }, 
        {
            "variable": "Member_1_avg", 
            "var": 2123132232.0, 
            "values": [
                {
                    "cluster": "cluster_0", 
                    "value": 9993.131076699898
                }, 
                {
                    "cluster": "cluster_1", 
                    "value": 5115.273791751912
                }, 
                {
                    "cluster": "cluster_2", 
                    "value": 412.0
                }, 
                {
                    "cluster": "cluster_outliers", 
                    "value": 96995.70655270656
                }
            ]
        }, 
        {
            "variable": "Member_3_avg", 
            "var": 52574.86, 
            "values": [
                {
                    "cluster": "cluster_0", 
                    "value": 517.1552792751069
                }, 
                {
                    "cluster": "cluster_1", 
                    "value": 131.12182128822562
                }, 
                {
                    "cluster": "cluster_2", 
                    "value": 19.558035714285715
                }, 
                {
                    "cluster": "cluster_outliers", 
                    "value": 53.82203185703186
                }
            ]
        }, 
        {
            "variable": "cluster_size", 
            "var": 2388.67, 
            "values": [
                {
                    "cluster": "cluster_1", 
                    "value": 102
                }, 
                {
                    "cluster": "cluster_0", 
                    "value": 59
                }, 
                {
                    "cluster": "cluster_outliers", 
                    "value": 2
                }, 
                {
                    "cluster": "cluster_2", 
                    "value": 1
                }
            ]
        }
    ]
}