{
    "trainingTime": 955, 
    "state": "DONE", 
    "startTime": 1565177530151, 
    "preprocessingTime": 141, 
    "progress": {
        "top_level_todo": [], 
        "stack": [], 
        "top_level_done": [
            {
                "name": "Loading source dataset", 
                "time": 36
            }, 
            {
                "name": "Collecting statistics", 
                "time": 32
            }, 
            {
                "name": "Preprocessing data", 
                "time": 72
            }, 
            {
                "name": "Fitting model", 
                "time": 34
            }, 
            {
                "name": "Saving model", 
                "time": 1
            }, 
            {
                "name": "Scoring model", 
                "time": 1097
            }, 
            {
                "name": "Fitting model", 
                "time": 30
            }, 
            {
                "name": "Saving model", 
                "time": 0
            }, 
            {
                "name": "Scoring model", 
                "time": 898
            }, 
            {
                "name": "Fitting model", 
                "time": 25
            }, 
            {
                "name": "Saving model", 
                "time": 9
            }, 
            {
                "name": "Scoring model", 
                "time": 921
            }
        ]
    }, 
    "endTime": 1565177533325, 
    "modelId": "m3"
}