{"clusters": [{"facts": [{"std": null, "global_mean": 8769.982214170193, "feature_label": "Member_4_avg", "global_std": 21604.075081552965, "cluster_label": "cluster_0", "diff": 11.624247593930217, "type": "numerical", "mean": 259901.1}, {"std": null, "global_mean": 11125.036585365853, "feature_label": "count", "global_std": 9944.58268710855, "cluster_label": "cluster_0", "diff": -1.1065357825050521, "type": "numerical", "mean": 121.0}, {"std": null, "global_mean": 268.376764317431, "feature_label": "Member_3_avg", "global_std": 344.87106693382435, "cluster_label": "cluster_0", "diff": -0.7363774496132361, "type": "numerical", "mean": 14.421487603305785}], "cluster": "cluster_0", "size": 1}, {"facts": [{"std": 7690.542304448391, "global_mean": 4941.471749672269, "feature_label": "Member_5_avg", "global_std": 6381.616463036494, "cluster_label": "cluster_1", "diff": 0.6382670978671452, "type": "numerical", "mean": 9014.647569235767}, {"std": 421.15103388206757, "global_mean": 268.376764317431, "feature_label": "Member_3_avg", "global_std": 344.87106693382435, "cluster_label": "cluster_1", "diff": 0.6154527594825168, "type": "numerical", "mean": 480.62861412753296}, {"std": 635.1137542206806, "global_mean": 199.04880839804923, "feature_label": "Casual_7_avg", "global_std": 452.8559271470801, "cluster_label": "cluster_1", "diff": 0.4315731082810065, "type": "numerical", "mean": 394.4892484803916}], "cluster": "cluster_1", "size": 70}, {"facts": [{"std": 2559.585721204896, "global_mean": 4941.471749672269, "feature_label": "Member_5_avg", "global_std": 6381.616463036494, "cluster_label": "cluster_2", "diff": -0.4593866129753271, "type": "numerical", "mean": 2009.8425774103473}, {"std": 134.97254396800372, "global_mean": 268.376764317431, "feature_label": "Member_3_avg", "global_std": 344.87106693382435, "cluster_label": "cluster_2", "diff": -0.448661909129627, "type": "numerical", "mean": 113.64625302333002}, {"std": 15429.877606943597, "global_mean": 14842.667059888356, "feature_label": "Casual_2_avg", "global_std": 28285.578378415026, "cluster_label": "cluster_2", "diff": -0.3240096870683329, "type": "numerical", "mean": 5677.8656609513}], "cluster": "cluster_2", "size": 90}, {"facts": [{"std": null, "global_mean": 23464.429895482703, "feature_label": "Casual_6_avg", "global_std": 130500.83149734676, "cluster_label": "cluster_3", "diff": 12.272038564012863, "type": "numerical", "mean": 1624975.6666666667}, {"std": null, "global_mean": 11125.036585365853, "feature_label": "count", "global_std": 9944.58268710855, "cluster_label": "cluster_3", "diff": -1.0961783845889463, "type": "numerical", "mean": 224.0}, {"std": null, "global_mean": 268.376764317431, "feature_label": "Member_3_avg", "global_std": 344.87106693382435, "cluster_label": "cluster_3", "diff": -0.721483338151095, "type": "numerical", "mean": 19.558035714285715}], "cluster": "cluster_3", "size": 1}, {"facts": [{"std": null, "global_mean": 32612.758924502425, "feature_label": "Casual_5_avg", "global_std": 214477.7874678129, "cluster_label": "cluster_outliers", "diff": 12.323515046853773, "type": "numerical", "mean": 2675733.0}, {"std": 135852.9648737871, "global_mean": 7949.46590375891, "feature_label": "Member_1_avg", "global_std": 16368.499782267027, "cluster_label": "cluster_outliers", "diff": 5.440097860734723, "type": "numerical", "mean": 96995.70655270656}, {"std": 61592.92996058236, "global_mean": 7099.288465407812, "feature_label": "Member_6_avg", "global_std": 11253.593006671777, "cluster_label": "cluster_outliers", "diff": 3.3006471764925975, "type": "numerical", "mean": 44243.42844827586}], "cluster": "cluster_outliers", "size": 2}], "global": {"facts": [{"std": null, "global_mean": 32612.758924502425, "feature_label": "Casual_5_avg", "global_std": 214477.7874678129, "cluster_label": "cluster_outliers", "diff": 12.323515046853773, "type": "numerical", "mean": 2675733.0}, {"std": null, "global_mean": 23464.429895482703, "feature_label": "Casual_6_avg", "global_std": 130500.83149734676, "cluster_label": "cluster_3", "diff": 12.272038564012863, "type": "numerical", "mean": 1624975.6666666667}, {"std": null, "global_mean": 8769.982214170193, "feature_label": "Member_4_avg", "global_std": 21604.075081552965, "cluster_label": "cluster_0", "diff": 11.624247593930217, "type": "numerical", "mean": 259901.1}, {"std": 135852.9648737871, "global_mean": 7949.46590375891, "feature_label": "Member_1_avg", "global_std": 16368.499782267027, "cluster_label": "cluster_outliers", "diff": 5.440097860734723, "type": "numerical", "mean": 96995.70655270656}, {"std": 61592.92996058236, "global_mean": 7099.288465407812, "feature_label": "Member_6_avg", "global_std": 11253.593006671777, "cluster_label": "cluster_outliers", "diff": 3.3006471764925975, "type": "numerical", "mean": 44243.42844827586}, {"std": null, "global_mean": 11125.036585365853, "feature_label": "count", "global_std": 9944.58268710855, "cluster_label": "cluster_0", "diff": -1.1065357825050521, "type": "numerical", "mean": 121.0}, {"std": null, "global_mean": 11125.036585365853, "feature_label": "count", "global_std": 9944.58268710855, "cluster_label": "cluster_3", "diff": -1.0961783845889463, "type": "numerical", "mean": 224.0}, {"std": 179.60512242138307, "global_mean": 11125.036585365853, "feature_label": "count", "global_std": 9944.58268710855, "cluster_label": "cluster_outliers", "diff": -1.066111763453843, "type": "numerical", "mean": 523.0}, {"std": null, "global_mean": 268.376764317431, "feature_label": "Member_3_avg", "global_std": 344.87106693382435, "cluster_label": "cluster_0", "diff": -0.7363774496132361, "type": "numerical", "mean": 14.421487603305785}, {"std": null, "global_mean": 268.376764317431, "feature_label": "Member_3_avg", "global_std": 344.87106693382435, "cluster_label": "cluster_3", "diff": -0.721483338151095, "type": "numerical", "mean": 19.558035714285715}], "size": 164}}