{
    "metrics": {
        "nbClusters": 4, 
        "silhouette": 0.18366157226487884, 
        "inertia": 1435.7789176682772
    }, 
    "reduce_vars": [], 
    "train_nb_features": 14, 
    "train_nb_records": 162, 
    "summary": {
        "clusters": []
    }, 
    "variables_importance": {
        "variables": [
            "Casual_1_avg", 
            "Casual_2_avg", 
            "Casual_3_avg", 
            "Casual_4_avg", 
            "Casual_5_avg", 
            "Casual_6_avg", 
            "Casual_7_avg", 
            "Member_1_avg", 
            "Member_2_avg", 
            "Member_3_avg", 
            "Member_4_avg", 
            "Member_5_avg", 
            "Member_6_avg", 
            "Member_7_avg"
        ], 
        "importances": [
            0.04557540869984815, 
            0.09676926222767099, 
            0.039631736793245886, 
            0.021993277994562865, 
            0.026840975729957237, 
            0.02864838193360335, 
            0.14221811283126848, 
            0.052299021938886775, 
            0.044045103700739247, 
            0.15255010760512128, 
            0.04975893340016301, 
            0.14699313289787305, 
            0.09003021361060641, 
            0.06264633063645332
        ]
    }, 
    "processed_feature_names": [
        "Casual_1_avg", 
        "Casual_2_avg", 
        "Casual_3_avg", 
        "Casual_4_avg", 
        "Casual_5_avg", 
        "Casual_6_avg", 
        "Casual_7_avg", 
        "Member_1_avg", 
        "Member_2_avg", 
        "Member_3_avg", 
        "Member_4_avg", 
        "Member_5_avg", 
        "Member_6_avg", 
        "Member_7_avg"
    ], 
    "train_nb_outliers": 2, 
    "cluster_description": [
        {
            "variable": "Casual_5_avg", 
            "var": 1773921511750.16, 
            "values": [
                {
                    "cluster": "cluster_1", 
                    "value": 18146.35069840171
                }, 
                {
                    "cluster": "cluster_2", 
                    "value": 14036.843431590023
                }, 
                {
                    "cluster": "cluster_3", 
                    "value": 3779.3333333333335
                }, 
                {
                    "cluster": "cluster_outliers", 
                    "value": 2675733.0
                }
            ]
        }, 
        {
            "variable": "B00001_001E", 
            "var": 735.39, 
            "values": [
                {
                    "cluster": "cluster_0", 
                    "value": 67.0
                }, 
                {
                    "cluster": "cluster_1", 
                    "value": 121.11428571428571
                }, 
                {
                    "cluster": "cluster_2", 
                    "value": 114.17777777777778
                }, 
                {
                    "cluster": "cluster_3", 
                    "value": 115.0
                }, 
                {
                    "cluster": "cluster_outliers", 
                    "value": 68.0
                }
            ]
        }, 
        {
            "variable": "Casual_2_avg", 
            "var": 150919840.92, 
            "values": [
                {
                    "cluster": "cluster_1", 
                    "value": 26599.605426001497
                }, 
                {
                    "cluster": "cluster_2", 
                    "value": 5677.8656609513
                }, 
                {
                    "cluster": "cluster_3", 
                    "value": 316.0
                }, 
                {
                    "cluster": "cluster_outliers", 
                    "value": 1413.2857142857142
                }
            ]
        }, 
        {
            "variable": "Member_7_avg", 
            "var": 36209.83, 
            "values": [
                {
                    "cluster": "cluster_0", 
                    "value": 47.35537190082645
                }, 
                {
                    "cluster": "cluster_1", 
                    "value": 454.6032369980062
                }, 
                {
                    "cluster": "cluster_2", 
                    "value": 288.6358084014966
                }, 
                {
                    "cluster": "cluster_3", 
                    "value": 22.339285714285715
                }, 
                {
                    "cluster": "cluster_outliers", 
                    "value": 56.016328671328665
                }
            ]
        }, 
        {
            "variable": "Member_4_avg", 
            "var": 13097954975.58, 
            "values": [
                {
                    "cluster": "cluster_0", 
                    "value": 259901.1
                }, 
                {
                    "cluster": "cluster_1", 
                    "value": 9800.752869561731
                }, 
                {
                    "cluster": "cluster_2", 
                    "value": 5445.745585385527
                }, 
                {
                    "cluster": "cluster_3", 
                    "value": 372.06666666666666
                }, 
                {
                    "cluster": "cluster_outliers", 
                    "value": 917.0564516129032
                }
            ]
        }, 
        {
            "variable": "Casual_7_avg", 
            "var": 26132.95, 
            "values": [
                {
                    "cluster": "cluster_0", 
                    "value": 10.677685950413224
                }, 
                {
                    "cluster": "cluster_1", 
                    "value": 394.4892484803916
                }, 
                {
                    "cluster": "cluster_2", 
                    "value": 54.61415944524553
                }, 
                {
                    "cluster": "cluster_3", 
                    "value": 45.125
                }, 
                {
                    "cluster": "cluster_outliers", 
                    "value": 29.340073815073815
                }
            ]
        }, 
        {
            "variable": "Casual_3_avg", 
            "var": 12086.26, 
            "values": [
                {
                    "cluster": "cluster_0", 
                    "value": 4.1570247933884295
                }, 
                {
                    "cluster": "cluster_1", 
                    "value": 265.714569526837
                }, 
                {
                    "cluster": "cluster_2", 
                    "value": 85.5953180498721
                }, 
                {
                    "cluster": "cluster_3", 
                    "value": 5.736607142857143
                }, 
                {
                    "cluster": "cluster_outliers", 
                    "value": 29.257128982128982
                }
            ]
        }, 
        {
            "variable": "Casual_6_avg", 
            "var": 522843718832.89, 
            "values": [
                {
                    "cluster": "cluster_0", 
                    "value": 2681.0
                }, 
                {
                    "cluster": "cluster_1", 
                    "value": 16398.104501662172
                }, 
                {
                    "cluster": "cluster_2", 
                    "value": 11096.573092606768
                }, 
                {
                    "cluster": "cluster_3", 
                    "value": 1624975.6666666667
                }, 
                {
                    "cluster": "cluster_outliers", 
                    "value": 2522.666666666667
                }
            ]
        }, 
        {
            "variable": "Member_6_avg", 
            "var": 345818105.26, 
            "values": [
                {
                    "cluster": "cluster_0", 
                    "value": 256.6666666666667
                }, 
                {
                    "cluster": "cluster_1", 
                    "value": 10071.264074043956
                }, 
                {
                    "cluster": "cluster_2", 
                    "value": 4115.421384228726
                }, 
                {
                    "cluster": "cluster_3", 
                    "value": 163.375
                }, 
                {
                    "cluster": "cluster_outliers", 
                    "value": 44243.42844827586
                }
            ]
        }, 
        {
            "variable": "Casual_4_avg", 
            "var": 312019270.28, 
            "values": [
                {
                    "cluster": "cluster_0", 
                    "value": 1313.5
                }, 
                {
                    "cluster": "cluster_1", 
                    "value": 30623.395478915787
                }, 
                {
                    "cluster": "cluster_2", 
                    "value": 36555.43317026428
                }, 
                {
                    "cluster": "cluster_3", 
                    "value": 1126.0
                }, 
                {
                    "cluster": "cluster_outliers", 
                    "value": 2293.75
                }
            ]
        }, 
        {
            "variable": "Member_2_avg", 
            "var": 8292635.93, 
            "values": [
                {
                    "cluster": "cluster_0", 
                    "value": 404.3333333333333
                }, 
                {
                    "cluster": "cluster_1", 
                    "value": 7094.817586064275
                }, 
                {
                    "cluster": "cluster_2", 
                    "value": 3656.9107780593304
                }, 
                {
                    "cluster": "cluster_3", 
                    "value": 436.0
                }, 
                {
                    "cluster": "cluster_outliers", 
                    "value": 1060.3869047619048
                }
            ]
        }, 
        {
            "variable": "Member_5_avg", 
            "var": 13552389.86, 
            "values": [
                {
                    "cluster": "cluster_0", 
                    "value": 370.5
                }, 
                {
                    "cluster": "cluster_1", 
                    "value": 9014.647569235767
                }, 
                {
                    "cluster": "cluster_2", 
                    "value": 2009.8425774103473
                }, 
                {
                    "cluster": "cluster_3", 
                    "value": 392.5
                }, 
                {
                    "cluster": "cluster_outliers", 
                    "value": 900.1904761904763
                }
            ]
        }, 
        {
            "variable": "Casual_1_avg", 
            "var": 336312397.12, 
            "values": [
                {
                    "cluster": "cluster_0", 
                    "value": 370.0
                }, 
                {
                    "cluster": "cluster_1", 
                    "value": 39994.11011240761
                }, 
                {
                    "cluster": "cluster_2", 
                    "value": 19008.01258065244
                }, 
                {
                    "cluster": "cluster_outliers", 
                    "value": 2548.0
                }
            ]
        }, 
        {
            "variable": "count", 
            "var": 45941018.18, 
            "values": [
                {
                    "cluster": "cluster_0", 
                    "value": 121.0
                }, 
                {
                    "cluster": "cluster_1", 
                    "value": 15286.528571428571
                }, 
                {
                    "cluster": "cluster_2", 
                    "value": 8367.31111111111
                }, 
                {
                    "cluster": "cluster_3", 
                    "value": 224.0
                }, 
                {
                    "cluster": "cluster_outliers", 
                    "value": 523.0
                }
            ]
        }, 
        {
            "variable": "Member_1_avg", 
            "var": 1750617154.79, 
            "values": [
                {
                    "cluster": "cluster_0", 
                    "value": 416.7142857142857
                }, 
                {
                    "cluster": "cluster_1", 
                    "value": 9726.796706235444
                }, 
                {
                    "cluster": "cluster_2", 
                    "value": 4775.487135459213
                }, 
                {
                    "cluster": "cluster_3", 
                    "value": 412.0
                }, 
                {
                    "cluster": "cluster_outliers", 
                    "value": 96995.70655270656
                }
            ]
        }, 
        {
            "variable": "Member_3_avg", 
            "var": 38590.25, 
            "values": [
                {
                    "cluster": "cluster_0", 
                    "value": 14.421487603305785
                }, 
                {
                    "cluster": "cluster_1", 
                    "value": 480.62861412753296
                }, 
                {
                    "cluster": "cluster_2", 
                    "value": 113.64625302333002
                }, 
                {
                    "cluster": "cluster_3", 
                    "value": 19.558035714285715
                }, 
                {
                    "cluster": "cluster_outliers", 
                    "value": 53.82203185703186
                }
            ]
        }, 
        {
            "variable": "cluster_size", 
            "var": 1906.7, 
            "values": [
                {
                    "cluster": "cluster_2", 
                    "value": 90
                }, 
                {
                    "cluster": "cluster_1", 
                    "value": 70
                }, 
                {
                    "cluster": "cluster_outliers", 
                    "value": 2
                }, 
                {
                    "cluster": "cluster_0", 
                    "value": 1
                }, 
                {
                    "cluster": "cluster_3", 
                    "value": 1
                }
            ]
        }
    ]
}