{
  "pages": [
    {
      "id": "pgfSSrD",
      "grid": {
        "tiles": [
          {
            "tileType": "INSIGHT",
            "box": {
              "top": 0,
              "left": 0,
              "width": 2,
              "height": 2
            },
            "clickAction": "OPEN_INSIGHT",
            "tileParams": {
              "showXAxis": true,
              "showYAxis": true,
              "showLegend": false,
              "showTooltips": true,
              "autoPlayAnimation": true
            },
            "autoLoad": true,
            "showTitle": "YES",
            "insightId": "6Ok9m1y",
            "insightType": "chart",
            "displayMode": "INSIGHT",
            "resizeImageMode": "FIT_SIZE"
          },
          {
            "tileType": "INSIGHT",
            "box": {
              "top": 0,
              "left": 2,
              "width": 2,
              "height": 2
            },
            "clickAction": "OPEN_INSIGHT",
            "tileParams": {
              "showXAxis": true,
              "showYAxis": true,
              "showLegend": false,
              "showTooltips": true,
              "autoPlayAnimation": true
            },
            "autoLoad": true,
            "showTitle": "YES",
            "insightId": "x4GxTix",
            "insightType": "chart",
            "displayMode": "INSIGHT",
            "resizeImageMode": "FIT_SIZE"
          },
          {
            "tileType": "INSIGHT",
            "box": {
              "top": 0,
              "left": 4,
              "width": 2,
              "height": 2
            },
            "clickAction": "OPEN_INSIGHT",
            "tileParams": {
              "showXAxis": true,
              "showYAxis": true,
              "showLegend": false,
              "showTooltips": true,
              "autoPlayAnimation": true
            },
            "autoLoad": true,
            "showTitle": "YES",
            "insightId": "b7D3WvT",
            "insightType": "chart",
            "displayMode": "INSIGHT",
            "resizeImageMode": "FIT_SIZE"
          },
          {
            "tileType": "INSIGHT",
            "box": {
              "top": 0,
              "left": 6,
              "width": 2,
              "height": 2
            },
            "clickAction": "OPEN_INSIGHT",
            "tileParams": {
              "showXAxis": true,
              "showYAxis": true,
              "showLegend": false,
              "showTooltips": true,
              "autoPlayAnimation": true
            },
            "autoLoad": true,
            "showTitle": "YES",
            "insightId": "Ez0ZaZa",
            "insightType": "chart",
            "displayMode": "INSIGHT",
            "resizeImageMode": "FIT_SIZE"
          },
          {
            "tileType": "INSIGHT",
            "box": {
              "top": 0,
              "left": 8,
              "width": 2,
              "height": 2
            },
            "clickAction": "OPEN_INSIGHT",
            "tileParams": {
              "showXAxis": true,
              "showYAxis": true,
              "showLegend": false,
              "showTooltips": true,
              "autoPlayAnimation": true
            },
            "autoLoad": true,
            "showTitle": "YES",
            "insightId": "Ec7DTcT",
            "insightType": "chart",
            "displayMode": "INSIGHT",
            "resizeImageMode": "FIT_SIZE"
          },
          {
            "tileType": "INSIGHT",
            "box": {
              "top": 0,
              "left": 10,
              "width": 2,
              "height": 2
            },
            "clickAction": "OPEN_INSIGHT",
            "tileParams": {
              "showXAxis": true,
              "showYAxis": true,
              "showLegend": false,
              "showTooltips": true,
              "autoPlayAnimation": true
            },
            "autoLoad": true,
            "showTitle": "YES",
            "insightId": "JjBPTh7",
            "insightType": "chart",
            "displayMode": "INSIGHT",
            "resizeImageMode": "FIT_SIZE"
          },
          {
            "tileType": "INSIGHT",
            "box": {
              "top": 2,
              "left": 0,
              "width": 2,
              "height": 2
            },
            "clickAction": "OPEN_INSIGHT",
            "tileParams": {
              "showXAxis": true,
              "showYAxis": true,
              "showLegend": false,
              "showTooltips": true,
              "autoPlayAnimation": true
            },
            "autoLoad": true,
            "showTitle": "YES",
            "insightId": "2NAvraJ",
            "insightType": "chart",
            "displayMode": "INSIGHT",
            "resizeImageMode": "FIT_SIZE"
          },
          {
            "tileType": "INSIGHT",
            "box": {
              "top": 2,
              "left": 2,
              "width": 2,
              "height": 2
            },
            "clickAction": "OPEN_INSIGHT",
            "tileParams": {
              "showXAxis": true,
              "showYAxis": true,
              "showLegend": false,
              "showTooltips": true,
              "autoPlayAnimation": true
            },
            "autoLoad": true,
            "showTitle": "YES",
            "insightId": "IcRxsFV",
            "insightType": "chart",
            "displayMode": "INSIGHT",
            "resizeImageMode": "FIT_SIZE"
          },
          {
            "tileType": "INSIGHT",
            "box": {
              "top": 2,
              "left": 4,
              "width": 5,
              "height": 2
            },
            "clickAction": "OPEN_INSIGHT",
            "tileParams": {
              "showXAxis": true,
              "showYAxis": true,
              "showLegend": false,
              "showTooltips": true,
              "autoPlayAnimation": true
            },
            "autoLoad": true,
            "showTitle": "YES",
            "insightId": "gZBRi9O",
            "insightType": "chart",
            "displayMode": "INSIGHT",
            "resizeImageMode": "FIT_SIZE"
          },
          {
            "tileType": "INSIGHT",
            "box": {
              "top": -1,
              "left": -1,
              "width": 3,
              "height": 3
            },
            "clickAction": "DO_NOTHING",
            "tileParams": {},
            "autoLoad": true,
            "showTitle": "NO",
            "insightId": "8uC8dB1",
            "insightType": "web_app",
            "displayMode": "INSIGHT",
            "resizeImageMode": "FIT_SIZE"
          },
          {
            "tileType": "INSIGHT",
            "box": {
              "top": -1,
              "left": -1,
              "width": 2,
              "height": 2
            },
            "clickAction": "OPEN_INSIGHT",
            "tileParams": {
              "showXAxis": true,
              "showYAxis": true,
              "showLegend": false,
              "showTooltips": true,
              "autoPlayAnimation": true
            },
            "autoLoad": true,
            "showTitle": "YES",
            "insightId": "x9Xu3S7",
            "insightType": "chart",
            "displayMode": "INSIGHT",
            "resizeImageMode": "FIT_SIZE"
          },
          {
            "tileType": "INSIGHT",
            "box": {
              "top": -1,
              "left": -1,
              "width": 2,
              "height": 2
            },
            "clickAction": "OPEN_INSIGHT",
            "tileParams": {
              "showXAxis": true,
              "showYAxis": true,
              "showLegend": false,
              "showTooltips": true,
              "autoPlayAnimation": true
            },
            "autoLoad": true,
            "showTitle": "YES",
            "insightId": "DBQzYBP",
            "insightType": "chart",
            "displayMode": "INSIGHT",
            "resizeImageMode": "FIT_SIZE"
          }
        ]
      },
      "showTitle": false
    }
  ],
  "owner": "smoulouel",
  "listed": true,
  "name": "t Network Optimization\u0027s default dashboard",
  "showGrid": true,
  "versionTag": {
    "versionNumber": 43,
    "lastModifiedBy": {
      "login": "smoulouel"
    },
    "lastModifiedOn": 1564669459607
  },
  "creationTag": {
    "versionNumber": 0,
    "lastModifiedBy": {
      "login": "smoulouel"
    },
    "lastModifiedOn": 1563808759986
  },
  "tags": [],
  "customFields": {},
  "checklists": {
    "checklists": []
  }
}