{"clusters": [{"facts": [{"std": 2.4845152186917447, "global_mean": 2.9736012608353035, "feature_label": "url_distinct", "global_std": 3.0465596875862864, "cluster_label": "cluster_0", "diff": 2.084294680587825, "type": "numerical", "mean": 9.323529411764707}, {"std": 3.198415897502023, "global_mean": 4.274625689519307, "feature_label": "count", "global_std": 5.8787373622020205, "cluster_label": "cluster_0", "diff": 1.6683390747674847, "type": "numerical", "mean": 14.08235294117647}, {"std": 3.112630730831856, "global_mean": 3.568052930056711, "feature_label": "products_sum", "global_std": 3.943738698072117, "cluster_label": "cluster_0", "diff": 0.7319177931082997, "type": "numerical", "mean": 6.454545454545454}], "cluster": "cluster_0", "size": 170}, {"facts": [{"category_value": "United States", "current_impact": 0.36361589553078916, "feature_label": "ip_adress_country_min", "global_ratio": 0.1706067769897557, "cluster_label": "cluster_1", "diff": -1.142336210040112, "current_ratio": 0.3654970760233918, "type": "categorical"}, {"std": 0.7304842152322447, "global_mean": 2.9736012608353035, "feature_label": "url_distinct", "global_std": 3.0465596875862864, "cluster_label": "cluster_1", "diff": -0.5153657403474095, "type": "numerical", "mean": 1.4035087719298245}, {"std": 0.6457159999120144, "global_mean": 2.6100840336134454, "feature_label": "applications_sum", "global_std": 2.551667935328908, "cluster_label": "cluster_1", "diff": -0.5134226187799694, "type": "numerical", "mean": 1.3}], "cluster": "cluster_1", "size": 1026}, {"facts": [{"std": 1.4653222382170359, "global_mean": 2.9736012608353035, "feature_label": "url_distinct", "global_std": 3.0465596875862864, "cluster_label": "cluster_2", "diff": 0.6845834205026058, "type": "numerical", "mean": 5.0592255125284735}, {"std": 1.8471231212366526, "global_mean": 4.274625689519307, "feature_label": "count", "global_std": 5.8787373622020205, "cluster_label": "cluster_2", "diff": 0.4194256462178524, "type": "numerical", "mean": 6.740318906605922}, {"std": 1.2536804930854337, "global_mean": 2.6100840336134454, "feature_label": "applications_sum", "global_std": 2.551667935328908, "cluster_label": "cluster_2", "diff": -0.27947894741877, "type": "numerical", "mean": 1.8969465648854962}], "cluster": "cluster_2", "size": 439}, {"facts": [{"category_value": "France", "current_impact": 0.9941601936282788, "feature_label": "ip_adress_country_min", "global_ratio": 0.5094562647754137, "cluster_label": "cluster_3", "diff": -0.962877030162413, "current_ratio": 1.0, "type": "categorical"}, {"std": 0.38655567174253447, "global_mean": 2.6100840336134454, "feature_label": "applications_sum", "global_std": 2.551667935328908, "cluster_label": "cluster_3", "diff": -0.5859467386711863, "type": "numerical", "mean": 1.1149425287356323}, {"std": 0.8118455650837555, "global_mean": 3.568052930056711, "feature_label": "products_sum", "global_std": 3.943738698072117, "cluster_label": "cluster_3", "diff": -0.5308492264171801, "type": "numerical", "mean": 1.4745222929936306}], "cluster": "cluster_3", "size": 830}, {"facts": [{"std": 6.96256675373278, "global_mean": 4.274625689519307, "feature_label": "count", "global_std": 5.8787373622020205, "cluster_label": "cluster_4", "diff": 4.180564060963975, "type": "numerical", "mean": 28.851063829787233}, {"std": 3.905687401669003, "global_mean": 2.9736012608353035, "feature_label": "url_distinct", "global_std": 3.0465596875862864, "cluster_label": "cluster_4", "diff": 3.4446998981537087, "type": "numerical", "mean": 13.46808510638298}, {"std": 5.80654834650307, "global_mean": 3.568052930056711, "feature_label": "products_sum", "global_std": 3.943738698072117, "cluster_label": "cluster_4", "diff": 2.9634991346137456, "type": "numerical", "mean": 15.25531914893617}], "cluster": "cluster_4", "size": 47}, {"facts": [{"std": 12.636455199145052, "global_mean": 1.5547675334909377, "feature_label": "session_id_distinct", "global_std": 2.0936760565044397, "cluster_label": "cluster_outliers", "diff": 5.944201552979202, "type": "numerical", "mean": 14.0}, {"std": 16.352661062026687, "global_mean": 1.93446088794926, "feature_label": "blog_sum", "global_std": 3.053307093366953, "cluster_label": "cluster_outliers", "diff": 4.7594969435886, "type": "numerical", "mean": 16.466666666666665}, {"std": 9.359924526111463, "global_mean": 1.5421348314606742, "feature_label": "home_sum", "global_std": 1.688594268744263, "cluster_label": "cluster_outliers", "diff": 4.38544280687327, "type": "numerical", "mean": 8.947368421052632}], "cluster": "cluster_outliers", "size": 26}], "global": {"facts": [{"std": 12.636455199145052, "global_mean": 1.5547675334909377, "feature_label": "session_id_distinct", "global_std": 2.0936760565044397, "cluster_label": "cluster_outliers", "diff": 5.944201552979202, "type": "numerical", "mean": 14.0}, {"std": 16.352661062026687, "global_mean": 1.93446088794926, "feature_label": "blog_sum", "global_std": 3.053307093366953, "cluster_label": "cluster_outliers", "diff": 4.7594969435886, "type": "numerical", "mean": 16.466666666666665}, {"std": 9.359924526111463, "global_mean": 1.5421348314606742, "feature_label": "home_sum", "global_std": 1.688594268744263, "cluster_label": "cluster_outliers", "diff": 4.38544280687327, "type": "numerical", "mean": 8.947368421052632}, {"std": 14.946520047772378, "global_mean": 4.274625689519307, "feature_label": "count", "global_std": 5.8787373622020205, "cluster_label": "cluster_outliers", "diff": 4.199356298981195, "type": "numerical", "mean": 28.96153846153846}, {"std": 6.96256675373278, "global_mean": 4.274625689519307, "feature_label": "count", "global_std": 5.8787373622020205, "cluster_label": "cluster_4", "diff": 4.180564060963975, "type": "numerical", "mean": 28.851063829787233}, {"std": 3.905687401669003, "global_mean": 2.9736012608353035, "feature_label": "url_distinct", "global_std": 3.0465596875862864, "cluster_label": "cluster_4", "diff": 3.4446998981537087, "type": "numerical", "mean": 13.46808510638298}, {"std": 5.80654834650307, "global_mean": 3.568052930056711, "feature_label": "products_sum", "global_std": 3.943738698072117, "cluster_label": "cluster_4", "diff": 2.9634991346137456, "type": "numerical", "mean": 15.25531914893617}, {"std": 5.578978401105349, "global_mean": 2.0897615708274895, "feature_label": "company_sum", "global_std": 1.7394365206479456, "cluster_label": "cluster_outliers", "diff": 2.822890269857868, "type": "numerical", "mean": 7.0}, {"std": 2.4845152186917447, "global_mean": 2.9736012608353035, "feature_label": "url_distinct", "global_std": 3.0465596875862864, "cluster_label": "cluster_0", "diff": 2.084294680587825, "type": "numerical", "mean": 9.323529411764707}, {"std": 6.4607691849762325, "global_mean": 2.9736012608353035, "feature_label": "url_distinct", "global_std": 3.0465596875862864, "cluster_label": "cluster_outliers", "diff": 1.8771030335542767, "type": "numerical", "mean": 8.692307692307692}], "size": 2538}}