{
    "trainingTime": 1937, 
    "state": "DONE", 
    "startTime": 1563870737018, 
    "preprocessingTime": 821, 
    "progress": {
        "top_level_todo": [], 
        "stack": [], 
        "top_level_done": [
            {
                "name": "Loading source dataset", 
                "time": 122
            }, 
            {
                "name": "Collecting statistics", 
                "time": 28
            }, 
            {
                "name": "Preprocessing data", 
                "time": 650
            }, 
            {
                "name": "Fitting model", 
                "time": 474
            }, 
            {
                "name": "Saving model", 
                "time": 21
            }, 
            {
                "name": "Scoring model", 
                "time": 1442
            }
        ]
    }, 
    "endTime": 1563870739776, 
    "modelId": "m1"
}