{
  "description": "KMeans (k\u003d5)\nCluster outliers\n\nTrained in 2 seconds on 2538 records\n",
  "name": "KMeans (k\u003d5)",
  "starred": false,
  "clusterMetas": {
    "cluster_0": {
      "name": "multiple page visitor",
      "color": "#f06548"
    },
    "cluster_1": {
      "name": "1 page visit",
      "color": "#fdc766",
      "description": "utilisateur from usa qui utilisent qui ne sont pas nombreux et qui reviennent souvent"
    },
    "cluster_2": {
      "name": "engaged visitors",
      "color": "#7bc9a6"
    },
    "cluster_3": {
      "name": "dataiku lovers",
      "color": "#4ec5da"
    },
    "cluster_4": {
      "name": "sales_prospect",
      "color": "#548ecb"
    },
    "cluster_outliers": {
      "name": "cluster_outliers",
      "color": "#97668f"
    }
  },
  "customMeta": {
    "kv": {}
  },
  "tags": [],
  "activeClassifierThreshold": 0.0
}