{
  "inputDatasetSmartName": "bike_stations",
  "script": {
    "steps": [
      {
        "type": "GeoPointCreator",
        "params": {
          "out_column": "geopoint",
          "lat_column": "lat",
          "lon_column": "long"
        },
        "metaType": "PROCESSOR",
        "preview": false,
        "disabled": false,
        "alwaysShowComment": false
      },
      {
        "type": "ColumnsSelector",
        "params": {
          "keep": false,
          "appliesTo": "COLUMNS",
          "columns": [
            "locked",
            "installed",
            "temporary",
            "lastCommWithServer",
            "removalDate",
            "public",
            "installDate"
          ]
        },
        "metaType": "PROCESSOR",
        "preview": true,
        "disabled": false,
        "alwaysShowComment": false
      }
    ],
    "maxProcessedMemTableBytes": -1,
    "columnsSelection": {
      "mode": "ALL"
    },
    "coloring": {
      "scheme": "MEANING_AND_STATUS",
      "individualColumns": [],
      "valueColoringMode": "HASH"
    },
    "sorting": [],
    "analysisColumnData": {},
    "explorationSampling": {
      "selection": {
        "maxStoredBytes": 104857600,
        "filter": {
          "distinct": false,
          "enabled": false
        },
        "partitionSelectionMethod": "ALL",
        "latestPartitionsN": 1,
        "ordering": {
          "enabled": false,
          "rules": []
        },
        "samplingMethod": "HEAD_SEQUENTIAL",
        "maxRecords": 10000,
        "targetRatio": 0.02,
        "withinFirstN": -1,
        "maxReadUncompressedBytes": -1
      },
      "autoRefreshSample": false,
      "_refreshTrigger": 0
    },
    "vizSampling": {
      "autoRefreshSample": false,
      "_refreshTrigger": 0
    },
    "exploreUIParams": {
      "autoRefresh": true
    },
    "globalSearchQuery": "",
    "explorationFilters": [],
    "previewMode": "ALL_ROWS"
  },
  "charts": [],
  "name": "Analyze bike_stations",
  "versionTag": {
    "versionNumber": 1,
    "lastModifiedBy": {
      "login": "smoulouel"
    },
    "lastModifiedOn": 1565081381177
  },
  "creationTag": {
    "versionNumber": 0,
    "lastModifiedBy": {
      "login": "smoulouel"
    },
    "lastModifiedOn": 1565081275776
  },
  "tags": [],
  "customFields": {},
  "checklists": {
    "checklists": []
  }
}