{
  "type": "split",
  "neverRecomputeExistingPartitions": false,
  "optionalDependencies": false,
  "customMeta": {
    "kv": {}
  },
  "redispatchPartitioning": false,
  "maxRunningActivities": 0,
  "inputs": {
    "main": {
      "items": [
        {
          "ref": "logDatailu_prepared_by_visitor_id_scored1_prepared",
          "deps": []
        }
      ]
    }
  },
  "outputs": {
    "main": {
      "items": [
        {
          "ref": "Marketing_mobile",
          "appendMode": false
        },
        {
          "ref": "Marketing_browser",
          "appendMode": false
        },
        {
          "ref": "Engaged_users",
          "appendMode": false
        },
        {
          "ref": "Sales",
          "appendMode": false
        }
      ]
    }
  },
  "versionTag": {
    "versionNumber": 1,
    "lastModifiedBy": {
      "login": "smoulouel"
    },
    "lastModifiedOn": 1563874488939
  },
  "creationTag": {
    "versionNumber": 0,
    "lastModifiedBy": {
      "login": "smoulouel"
    },
    "lastModifiedOn": 1563874367275
  },
  "tags": [],
  "customFields": {},
  "checklists": {
    "checklists": []
  }
}