{
  "type": "clustering_training",
  "neverRecomputeExistingPartitions": false,
  "optionalDependencies": false,
  "params": {
    "containerSelection": {
      "containerMode": "INHERIT"
    }
  },
  "customMeta": {
    "kv": {}
  },
  "redispatchPartitioning": false,
  "maxRunningActivities": 0,
  "inputs": {
    "main": {
      "items": [
        {
          "ref": "logDatailu_prepared_by_visitor_id",
          "deps": []
        }
      ]
    }
  },
  "outputs": {
    "main": {
      "items": [
        {
          "ref": "thGsyJma",
          "appendMode": false
        }
      ]
    }
  },
  "versionTag": {
    "versionNumber": 1,
    "lastModifiedBy": {
      "login": "smoulouel"
    },
    "lastModifiedOn": 1563873634633
  },
  "creationTag": {
    "versionNumber": 0,
    "lastModifiedBy": {
      "login": "smoulouel"
    },
    "lastModifiedOn": 1563871258226
  },
  "tags": [],
  "customFields": {},
  "checklists": {
    "checklists": []
  }
}