{
  "type": "join",
  "neverRecomputeExistingPartitions": false,
  "optionalDependencies": false,
  "customMeta": {
    "kv": {}
  },
  "redispatchPartitioning": false,
  "maxRunningActivities": 0,
  "inputs": {
    "main": {
      "items": [
        {
          "ref": "maintenance_failure_copy",
          "deps": []
        },
        {
          "ref": "maintenance_part_consumption_prepared_by_Asset",
          "deps": []
        },
        {
          "ref": "usage_data_by_Asset_prepared",
          "deps": []
        }
      ]
    }
  },
  "outputs": {
    "main": {
      "items": [
        {
          "ref": "maintenance_failure_copy_joined",
          "appendMode": false
        }
      ]
    }
  },
  "versionTag": {
    "versionNumber": 1,
    "lastModifiedBy": {
      "login": "smoulouel"
    },
    "lastModifiedOn": 1564752661798
  },
  "creationTag": {
    "versionNumber": 0,
    "lastModifiedBy": {
      "login": "smoulouel"
    },
    "lastModifiedOn": 1564752566736
  },
  "tags": [],
  "customFields": {},
  "checklists": {
    "checklists": []
  }
}