{
  "type": "python",
  "neverRecomputeExistingPartitions": false,
  "optionalDependencies": false,
  "params": {
    "envSelection": {
      "envMode": "INHERIT"
    },
    "containerSelection": {
      "containerMode": "INHERIT"
    },
    "skipPrerunValidate": false
  },
  "customMeta": {
    "kv": {}
  },
  "redispatchPartitioning": false,
  "maxRunningActivities": 0,
  "inputs": {
    "main": {
      "items": [
        {
          "ref": "bike_stations_prepared",
          "deps": []
        }
      ]
    }
  },
  "outputs": {
    "main": {
      "items": [
        {
          "ref": "bike_stations_blocks",
          "appendMode": false
        }
      ]
    }
  },
  "versionTag": {
    "versionNumber": 13,
    "lastModifiedBy": {
      "login": "smoulouel"
    },
    "lastModifiedOn": 1565086819399
  },
  "creationTag": {
    "versionNumber": 0,
    "lastModifiedBy": {
      "login": "smoulouel"
    },
    "lastModifiedOn": 1565081778730
  },
  "tags": [],
  "customFields": {},
  "checklists": {
    "checklists": []
  }
}