{
  "type": "grouping",
  "neverRecomputeExistingPartitions": false,
  "optionalDependencies": false,
  "customMeta": {
    "kv": {}
  },
  "redispatchPartitioning": false,
  "maxRunningActivities": 0,
  "inputs": {
    "main": {
      "items": [
        {
          "ref": "bike_dataset_prepared",
          "deps": [
            {
              "idim": "date",
              "func": "all_available",
              "params": {}
            }
          ]
        }
      ]
    }
  },
  "outputs": {
    "main": {
      "items": [
        {
          "ref": "bike_dataset_preparation_by_start_station",
          "appendMode": false
        }
      ]
    }
  },
  "versionTag": {
    "versionNumber": 5,
    "lastModifiedBy": {
      "login": "smoulouel"
    },
    "lastModifiedOn": 1565177455736
  },
  "creationTag": {
    "versionNumber": 0,
    "lastModifiedBy": {
      "login": "smoulouel"
    },
    "lastModifiedOn": 1565169096755
  },
  "tags": [],
  "customFields": {},
  "checklists": {
    "checklists": []
  }
}