{
  "type": "join",
  "neverRecomputeExistingPartitions": false,
  "optionalDependencies": false,
  "customMeta": {
    "kv": {}
  },
  "redispatchPartitioning": false,
  "maxRunningActivities": 0,
  "inputs": {
    "main": {
      "items": [
        {
          "ref": "bike_stations_blocks",
          "deps": []
        },
        {
          "ref": "bike_stations_prepared",
          "deps": []
        },
        {
          "ref": "block_group_demog_prepared",
          "deps": []
        }
      ]
    }
  },
  "outputs": {
    "main": {
      "items": [
        {
          "ref": "bike_stations_prepared_joined",
          "appendMode": false
        }
      ]
    }
  },
  "versionTag": {
    "versionNumber": 4,
    "lastModifiedBy": {
      "login": "smoulouel"
    },
    "lastModifiedOn": 1565171441108
  },
  "creationTag": {
    "versionNumber": 0,
    "lastModifiedBy": {
      "login": "smoulouel"
    },
    "lastModifiedOn": 1565085432000
  },
  "tags": [],
  "customFields": {},
  "checklists": {
    "checklists": []
  }
}