{
  "type": "join",
  "neverRecomputeExistingPartitions": false,
  "optionalDependencies": false,
  "customMeta": {
    "kv": {}
  },
  "redispatchPartitioning": false,
  "maxRunningActivities": 0,
  "inputs": {
    "main": {
      "items": [
        {
          "ref": "bike_stations_prepared_joined",
          "deps": []
        },
        {
          "ref": "bike_dataset_preparation_by_start_station",
          "deps": []
        }
      ]
    }
  },
  "outputs": {
    "main": {
      "items": [
        {
          "ref": "bike_stations_prepared_joined_joined",
          "appendMode": false
        }
      ]
    }
  },
  "versionTag": {
    "versionNumber": 3,
    "lastModifiedBy": {
      "login": "smoulouel"
    },
    "lastModifiedOn": 1565172212214
  },
  "creationTag": {
    "versionNumber": 0,
    "lastModifiedBy": {
      "login": "smoulouel"
    },
    "lastModifiedOn": 1565169602496
  },
  "tags": [],
  "customFields": {},
  "checklists": {
    "checklists": []
  }
}