{
  "type": "download",
  "neverRecomputeExistingPartitions": false,
  "optionalDependencies": false,
  "params": {
    "deleteExtraFiles": true,
    "copyEvenUpToDateFiles": false,
    "sources": [
      {
        "useGlobalProxy": true,
        "providerType": "URL",
        "params": {
          "path": "http://capitalbikeshare.com/data/stations/bikeStations.xml",
          "consider404AsEmpty": true,
          "fallbackHeadToGet": true,
          "trustAnySSLCertificate": false
        }
      }
    ]
  },
  "customMeta": {
    "kv": {}
  },
  "redispatchPartitioning": false,
  "maxRunningActivities": 0,
  "inputs": {},
  "outputs": {
    "main": {
      "items": [
        {
          "ref": "Hed35Sux",
          "appendMode": false
        }
      ]
    }
  },
  "versionTag": {
    "versionNumber": 1,
    "lastModifiedBy": {
      "login": "smoulouel"
    },
    "lastModifiedOn": 1565081179019
  },
  "creationTag": {
    "versionNumber": 0,
    "lastModifiedBy": {
      "login": "smoulouel"
    },
    "lastModifiedOn": 1565081116589
  },
  "tags": [],
  "customFields": {},
  "checklists": {
    "checklists": []
  }
}