{
  "type": "python",
  "neverRecomputeExistingPartitions": false,
  "optionalDependencies": false,
  "params": {
    "envSelection": {
      "envMode": "INHERIT"
    },
    "containerSelection": {
      "containerMode": "INHERIT"
    },
    "skipPrerunValidate": false
  },
  "customMeta": {
    "kv": {}
  },
  "redispatchPartitioning": false,
  "maxRunningActivities": 0,
  "inputs": {
    "main": {
      "items": [
        {
          "ref": "jokes_tokenized_by_text_joined",
          "deps": []
        },
        {
          "ref": "jokes_copy_to_join_prepared",
          "deps": []
        },
        {
          "ref": "test",
          "deps": []
        }
      ]
    }
  },
  "outputs": {
    "main": {
      "items": [
        {
          "ref": "moteur_recomandation1",
          "appendMode": false
        }
      ]
    }
  },
  "versionTag": {
    "versionNumber": 6,
    "lastModifiedBy": {
      "login": "admin"
    },
    "lastModifiedOn": 1559588804376
  },
  "creationTag": {
    "versionNumber": 0,
    "lastModifiedBy": {
      "login": "admin"
    },
    "lastModifiedOn": 1559472960500
  },
  "tags": [],
  "customFields": {},
  "checklists": {
    "checklists": []
  }
}